Connor McDavid,20,C,EDM,82,30,70,100,27,26,26,3,1,6,45,24,1,251,12,1733,21:08,29,34,348,458,43.2
Sidney Crosby,29,C,PIT,75,44,45,89,17,24,30,14,0,5,34,11,0,255,17.3,1491,19:53,27,80,842,906,48.2
Patrick Kane,28,RW,CHI,82,34,55,89,11,32,27,7,0,5,39,16,0,292,11.6,1754,21:24,15,28,7,44,13.7
Nicklas Backstrom,29,C,WSH,82,23,63,86,17,38,15,8,0,5,36,27,0,162,14.2,1497,18:16,33,45,685,648,51.4
Nikita Kucherov,23,RW,TBL,74,40,45,85,13,38,23,17,0,7,30,15,0,246,16.3,1438,19:26,20,30,0,0,
Brad Marchand,28,LW,BOS,80,39,46,85,18,81,27,9,3,8,29,15,2,226,17.3,1555,19:26,35,51,13,23,36.1
Mark Scheifele,23,C,WPG,79,32,50,82,18,38,25,7,0,5,40,8,2,160,20,1624,20:34,34,49,635,826,43.5
Leon Draisaitl,21,C,EDM,82,29,48,77,7,20,19,10,0,5,31,17,0,172,16.9,1548,18:53,36,41,476,496,49
Brent Burns,31,D,SJS,82,29,47,76,19,40,21,8,0,6,29,17,1,320,9.1,2039,24:52,142,69,0,0,
Vladimir Tarasenko,25,RW,STL,82,39,36,75,-1,12,30,9,0,8,23,13,0,286,13.6,1515,18:28,31,50,5,5,50
Artemi Panarin,25,LW,CHI,82,31,43,74,18,21,22,9,0,5,35,8,0,211,14.7,1597,19:28,14,23,2,8,20
Blake Wheeler,30,RW,WPG,82,26,48,74,6,47,19,5,2,4,31,16,1,259,10,1652,20:09,51,100,43,51,45.7
Ryan Getzlaf,31,C,ANA,74,15,58,73,7,49,7,6,2,3,43,14,1,138,10.9,1559,21:04,88,99,509,503,50.3
Evgeni Malkin,30,C,PIT,62,33,39,72,18,77,22,11,0,6,27,12,0,191,17.3,1154,18:37,25,40,365,481,43.1
Tyler Seguin,25,C,DAL,82,26,46,72,-15,22,15,11,0,4,28,18,0,301,8.6,1514,18:28,26,60,401,385,51
Victor Hedman,26,D,TBL,79,16,56,72,3,47,12,4,0,5,27,29,0,166,9.6,1936,24:30,132,93,0,0,
Erik Karlsson,26,D,OTT,77,17,54,71,10,28,13,4,0,5,29,23,2,218,7.8,2066,26:50,201,67,0,0,
David Pastrnak,20,RW,BOS,75,34,36,70,11,34,24,10,0,6,22,14,0,262,13,1349,17:59,32,72,2,1,66.7
Phil Kessel,29,RW,PIT,82,23,47,70,3,20,15,8,0,4,25,22,0,229,10,1471,17:56,15,12,5,10,33.3
Auston Matthews,19,C,TOR,82,40,29,69,2,14,32,8,0,8,16,13,0,279,14.3,1446,17:38,61,21,530,600,46.9
Alex Ovechkin,31,LW,WSH,82,33,36,69,6,50,16,17,0,7,27,9,0,313,10.5,1506,18:22,29,216,0,1,0
Jamie Benn,27,LW,DAL,77,26,43,69,-9,66,13,12,1,4,29,14,0,201,12.9,1492,19:22,47,89,212,200,51.5
Mikael Granlund,24,C,MIN,81,26,43,69,23,12,16,7,3,4,29,13,1,177,14.7,1525,18:49,50,50,16,17,48.5
Joe Pavelski,32,C,SJS,81,29,39,68,11,34,21,7,1,7,24,15,0,233,12.4,1549,19:07,73,130,448,407,52.4
Henrik Zetterberg,36,LW,DET,82,17,51,68,15,22,15,2,0,0,40,11,0,195,8.7,1617,19:43,30,58,705,657,51.8
Max Pacioretty,28,LW,MTL,81,35,32,67,15,38,26,8,1,7,26,5,1,268,13.1,1553,19:11,35,63,27,23,54
Jeff Carter,32,C,LAK,82,32,34,66,2,41,21,10,1,9,22,12,0,250,12.8,1479,18:02,37,86,735,680,51.9
John Tavares,26,C,NYI,77,28,38,66,4,38,20,7,1,3,26,11,1,260,10.8,1572,20:25,20,42,824,804,50.6
Eric Staal,32,C,MIN,82,28,37,65,17,34,23,4,1,8,24,12,1,211,13.3,1526,18:36,39,42,577,597,49.1
Patrik Laine,18,RW,WPG,73,36,28,64,7,26,27,9,0,5,23,5,0,204,17.6,1308,17:55,33,80,0,3,0
Nikolaj Ehlers,20,LW,WPG,82,25,39,64,1,38,20,5,0,4,32,7,0,204,12.3,1434,17:29,28,43,0,4,0
Jeff Skinner,24,LW,CAR,79,37,26,63,-3,28,30,7,0,4,18,8,0,281,13.2,1401,17:44,28,33,10,17,37
Cam Atkinson,27,RW,CBJ,82,35,27,62,13,22,22,10,3,9,16,11,0,240,14.6,1483,18:05,34,33,2,1,66.7
James van Riemsdyk,27,LW,TOR,82,29,33,62,-2,37,23,6,0,5,20,13,0,238,12.2,1303,15:53,29,62,1,4,20
Nazem Kadri,26,C,TOR,82,32,29,61,-7,95,20,12,0,6,24,5,0,236,13.6,1360,16:35,31,124,543,587,48.1
Viktor Arvidsson,23,LW,NSH,80,31,30,61,16,28,22,4,5,6,23,5,2,246,12.6,1372,17:09,45,23,4,12,25
Mike Hoffman,27,LW,OTT,74,26,35,61,17,51,13,13,0,8,22,13,0,224,11.6,1302,17:36,21,41,12,9,57.1
William Nylander,20,C,TOR,81,22,39,61,-3,32,13,9,0,2,22,17,0,205,10.7,1297,16:01,16,25,49,73,40.2
Jakub Voracek,27,RW,PHI,82,20,41,61,-24,56,15,5,0,3,23,18,0,253,7.9,1565,19:05,22,30,3,11,21.4
Mitch Marner,19,C,TOR,77,19,42,61,0,38,15,4,0,5,25,17,0,176,10.8,1294,16:49,39,41,14,23,37.8
Johnny Gaudreau,23,LW,CGY,72,18,43,61,-7,4,14,4,0,3,31,12,0,182,9.9,1331,18:29,14,9,0,0,
Ryan Johansen,24,C,NSH,82,14,47,61,1,60,9,4,1,3,28,19,0,154,9.1,1545,18:50,28,77,803,669,54.6
Evgeny Kuznetsov,24,C,WSH,82,19,40,59,18,46,16,3,0,4,29,11,0,170,11.2,1390,16:57,18,57,456,581,44
Mats Zuccarello,29,RW,NYR,80,15,44,59,15,26,10,5,0,3,35,9,0,189,7.9,1506,18:50,52,85,6,7,46.2
Alexander Wennberg,22,C,CBJ,80,13,46,59,9,21,11,2,0,5,25,21,0,109,11.9,1470,18:23,56,58,609,676,47.4
Filip Forsberg,22,LW,NSH,82,31,27,58,-4,32,25,3,3,9,21,6,0,234,13.2,1518,18:31,26,97,5,13,27.8
Sean Monahan,22,C,CGY,82,27,31,58,-1,20,18,8,1,4,22,9,0,199,13.6,1441,17:35,25,34,743,701,51.5
Marcus Johansson,26,LW,WSH,82,24,34,58,25,10,19,5,0,5,20,14,0,129,18.6,1394,16:00,22,32,13,15,46.4
Ryan Kesler,32,C,ANA,82,22,36,58,8,83,14,8,0,2,24,12,0,186,11.8,1747,21:18,75,146,1029,764,57.4
Jonathan Toews,28,C,CHI,72,21,37,58,7,35,15,6,0,5,26,11,0,199,10.6,1451,20:09,32,43,852,700,54.9
Mikko Koivu,33,C,MIN,80,18,40,58,27,34,16,2,0,4,20,18,2,139,12.9,1529,19:07,65,32,938,761,55.2
Claude Giroux,29,C,PHI,82,14,44,58,-15,38,9,5,0,3,17,26,1,199,7,1568,19:07,28,68,977,771,55.9
Nino Niederreiter,24,RW,MIN,82,25,32,57,17,53,17,8,0,3,26,6,0,186,13.4,1236,15:04,20,120,0,1,0
Jack Eichel,20,C,BUF,61,24,33,57,-13,22,14,10,0,4,19,14,0,249,9.6,1215,19:55,35,26,310,486,38.9
T.J. Oshie,30,RW,WSH,68,33,23,56,28,36,25,7,1,4,15,6,2,143,23.1,1214,17:51,50,95,87,93,48.3
J.T. Miller,23,LW,NYR,82,22,34,56,17,21,17,2,3,6,28,5,1,132,16.7,1342,16:22,56,101,157,200,44
Charlie Coyle,24,C,MIN,82,18,38,56,13,36,14,4,0,5,33,5,0,159,11.3,1370,16:42,63,101,114,134,46
Josh Bailey,27,RW,NYI,82,13,43,56,5,12,10,3,0,1,34,9,0,173,7.5,1506,18:22,53,37,8,7,53.3
Kevin Shattenkirk,28,D,TOT,80,13,43,56,-7,47,5,8,0,2,24,19,0,161,8.1,1595,19:56,95,88,0,0,
Kyle Turris,27,C,OTT,78,27,28,55,-3,47,21,6,0,6,17,11,0,185,14.6,1521,19:30,61,21,650,575,53.1
Brayden Schenn,25,C,PHI,79,25,30,55,-13,38,8,17,0,7,19,11,0,178,14,1407,17:48,42,189,232,262,47
Ryan O'Reilly,25,C,BUF,72,20,35,55,-1,10,11,8,1,3,18,16,1,189,10.6,1545,21:28,45,21,1039,752,58
Radim Vrbata,35,RW,ARI,81,20,35,55,-18,16,16,4,0,4,24,11,0,233,8.6,1369,16:54,31,48,17,30,36.2
Jaden Schwartz,24,LW,STL,78,19,36,55,14,18,16,3,0,4,30,6,0,179,10.6,1475,18:54,43,71,67,73,47.9
Tyler Bozak,30,C,TOR,78,18,37,55,-1,30,11,7,0,1,26,11,0,145,12.4,1282,16:26,26,45,774,591,56.7
Derek Stepan,26,C,NYR,81,17,38,55,19,16,12,4,1,2,24,14,0,209,8.1,1507,18:37,45,26,716,806,47
Wayne Simmonds,28,RW,PHI,82,31,23,54,-18,122,13,16,2,4,14,9,0,224,13.8,1556,18:58,60,162,8,9,47.1
David Krejci,30,C,BOS,82,23,31,54,-12,26,15,8,0,3,25,6,0,158,14.6,1498,18:16,51,40,657,620,51.4
Vincent Trocheck,23,C,FLA,82,23,31,54,-13,43,21,2,0,2,20,10,1,230,10,1708,20:50,51,164,835,829,50.2
Mark Stone,24,RW,OTT,71,22,32,54,12,25,16,6,0,5,24,8,0,134,16.4,1318,18:34,53,43,10,15,40
Alexander Radulov,30,RW,MTL,76,18,36,54,10,62,12,6,0,2,26,10,0,147,12.2,1390,18:17,41,76,6,6,50
Chris Kreider,25,LW,NYR,75,28,25,53,6,58,22,6,0,4,18,7,0,186,15.1,1275,17:00,30,132,5,4,55.6
Kyle Palmieri,25,RW,NJD,80,26,27,53,2,46,17,8,1,3,16,11,0,192,13.5,1388,17:21,36,124,12,17,41.4
Brandon Saad,24,LW,CBJ,82,24,29,53,23,8,23,1,0,4,27,2,0,210,11.4,1396,17:02,26,24,4,5,44.4
Conor Sheary,24,LW,PIT,61,23,30,53,24,22,21,2,0,6,27,3,0,154,14.9,972,15:56,23,29,0,0,
Mikael Backlund,27,C,CGY,81,22,31,53,9,36,15,7,0,7,19,9,3,197,11.2,1426,17:36,41,55,711,768,48.1
Patrice Bergeron,31,C,BOS,79,21,32,53,12,24,13,8,0,7,20,9,3,302,7,1534,19:25,47,54,1086,722,60.1
Jonathan Drouin,21,LW,TBL,73,21,32,53,-13,16,12,9,0,6,15,17,0,183,11.5,1293,17:42,16,50,96,124,43.6
Taylor Hall,25,LW,NJD,72,20,33,53,-9,32,13,7,0,4,25,8,0,238,8.4,1392,19:20,31,59,8,10,44.4
Corey Perry,31,RW,ANA,82,19,34,53,2,76,14,5,0,3,19,15,0,215,8.8,1453,17:43,35,81,7,13,35
Nathan MacKinnon,21,C,COL,82,16,37,53,-14,16,12,2,2,4,25,12,0,251,6.4,1635,19:57,30,56,768,752,50.5
Duncan Keith,33,D,CHI,80,6,47,53,22,16,4,2,0,2,34,13,0,183,3.3,2049,25:37,107,24,0,0,
Anders Lee,26,LW,NYI,81,34,18,52,9,56,25,9,0,6,13,5,0,191,17.8,1263,15:35,34,172,7,11,38.9
Logan Couture,27,C,SJS,73,25,27,52,11,12,14,11,0,3,22,4,1,174,14.4,1285,17:36,65,57,297,453,39.6
Aleksander Barkov,21,C,FLA,61,21,31,52,13,10,18,3,0,5,20,11,0,142,14.8,1184,19:24,30,39,476,547,46.5
Bo Horvat,21,C,VAN,81,20,32,52,-7,27,15,3,2,1,25,7,0,158,12.7,1461,18:02,41,65,756,742,50.5
Ondrej Palat,25,LW,TBL,75,17,35,52,8,39,12,5,0,3,25,10,0,162,10.5,1434,19:07,66,141,9,25,26.5
Dustin Byfuglien,31,D,WPG,80,13,39,52,10,117,12,1,0,1,24,13,2,241,5.4,2196,27:27,124,183,0,0,
Anze Kopitar,29,C,LAK,76,12,40,52,-10,28,7,5,0,0,25,14,1,150,8,1578,20:46,59,78,892,801,52.7
Rickard Rakell,23,C,ANA,71,33,18,51,10,12,28,5,0,10,11,7,0,177,18.6,1234,17:23,32,81,62,85,42.2
Patrick Eaves,32,RW,TOT,79,32,19,51,-2,24,19,13,0,2,14,5,0,209,15.3,1296,16:25,43,89,2,2,50
Jon Marchessault,26,C,FLA,75,30,21,51,-21,38,22,8,0,6,11,10,0,193,15.5,1268,16:55,17,105,122,148,45.2
Nick Foligno,29,LW,CBJ,79,26,25,51,-4,55,15,11,0,5,15,10,0,185,14.1,1456,18:26,50,157,41,47,46.6
Jordan Eberle,26,RW,EDM,82,20,31,51,3,16,16,4,0,0,21,10,0,208,9.6,1375,16:46,37,26,10,10,50
Alex Steen,32,LW,STL,76,16,35,51,-2,53,13,3,0,2,22,13,0,117,13.7,1467,19:18,69,33,101,146,40.9
Henrik Sedin,36,C,VAN,82,15,36,51,-27,28,14,1,0,4,22,14,0,99,15.2,1561,19:02,11,15,611,635,49
Justin Schultz,26,D,PIT,78,12,39,51,27,34,9,3,0,1,22,17,0,154,7.8,1595,20:27,116,67,0,0,
Torey Krug,25,D,BOS,81,8,43,51,-10,37,2,6,0,1,24,19,0,208,3.8,1750,21:36,82,59,0,1,0
Milan Lucic,28,LW,EDM,82,23,27,50,-3,50,11,12,0,3,14,13,0,175,13.1,1407,17:10,20,202,4,3,57.1
Sam Gagner,27,C,CBJ,81,18,32,50,10,22,10,8,0,1,22,10,0,178,10.1,1111,13:43,16,22,202,223,47.5
Jason Spezza,33,C,DAL,68,15,35,50,-18,29,12,2,1,4,18,17,0,149,10.1,1100,16:10,31,13,354,324,52.2
Dougie Hamilton,23,D,CGY,81,13,37,50,12,64,11,2,0,5,24,12,1,222,5.9,1594,19:41,94,68,0,0,
Joe Thornton,37,C,SJS,79,7,43,50,7,51,6,1,0,0,25,18,0,81,8.6,1427,18:04,31,52,374,362,50.8
Sebastian Aho,19,RW,CAR,82,24,25,49,-1,26,17,6,1,4,13,11,1,214,11.2,1377,16:47,14,51,17,18,48.6
Jakob Silfverberg,26,RW,ANA,79,23,26,49,10,20,17,5,1,5,22,4,0,227,10.1,1460,18:29,46,47,1,6,14.3
Kevin Hayes,24,RW,NYR,76,17,32,49,10,18,15,1,1,4,20,6,6,143,11.9,1258,16:34,30,40,442,526,45.7
John Klingberg,24,D,DAL,80,13,36,49,2,34,9,4,0,3,23,13,0,124,10.5,1868,23:21,117,42,1,0,100
Roman Josi,26,D,NSH,72,12,37,49,7,18,5,7,0,1,25,11,1,217,5.5,1805,25:04,119,54,0,0,
Justin Williams,35,RW,WSH,80,24,24,48,14,50,19,5,0,4,19,5,0,167,14.4,1238,15:29,41,28,64,53,54.7
Thomas Vanek,33,LW,TOT,68,17,31,48,-5,22,12,5,0,2,23,8,0,133,12.8,979,14:24,5,29,6,9,40
Alex Pietrangelo,27,D,STL,80,14,34,48,3,24,8,6,0,4,21,13,0,181,7.7,2023,25:17,158,38,0,1,0
Matthew Tkachuk,19,LW,CGY,76,13,35,48,14,105,10,3,0,2,25,10,0,142,9.2,1114,14:40,22,65,8,15,34.8
Gustav Nyquist,27,RW,DET,76,12,36,48,0,18,10,2,0,2,29,7,0,165,7.3,1325,17:26,20,54,4,1,80
Jason Zucker,25,LW,MIN,79,22,25,47,34,30,21,1,0,3,25,0,0,172,12.8,1208,15:17,42,73,1,4,20
Bryan Little,29,C,WPG,59,21,26,47,-7,18,15,6,0,3,20,6,0,119,17.6,1036,17:33,23,35,610,487,55.6
Sam Reinhart,21,C,BUF,79,17,30,47,-11,8,8,9,0,3,22,8,0,178,9.6,1360,17:13,40,21,86,124,41
Jason Pominville,34,RW,MIN,78,13,34,47,2,4,13,0,0,2,27,7,0,176,7.4,1110,14:14,39,44,39,39,50
Zach Werenski,19,D,CBJ,78,11,36,47,17,14,7,4,0,1,19,17,0,188,5.9,1631,20:55,90,41,0,0,
Patrick Marleau,37,LW,SJS,82,27,19,46,4,28,20,7,0,6,10,9,0,190,14.2,1407,17:09,32,82,115,99,53.7
Tomas Tatar,26,LW,DET,82,25,21,46,-8,26,20,5,0,5,18,3,0,166,15.1,1417,17:17,24,92,8,5,61.5
David Perron,28,LW,STL,82,18,28,46,-2,54,14,3,1,3,18,10,0,151,11.9,1418,17:18,28,87,32,34,48.5
Jaromir Jagr,44,RW,FLA,82,16,30,46,2,56,8,8,0,2,25,5,0,181,8.8,1394,16:00,4,21,1,1,50
Nick Leddy,25,D,NYI,81,11,35,46,-3,12,8,3,0,1,23,12,0,137,8,1840,22:43,109,77,0,0,
Marian Hossa,38,RW,CHI,73,26,19,45,7,8,20,5,1,7,13,6,0,167,15.6,1231,16:51,36,32,5,9,35.7
Artem Anisimov,28,C,CHI,64,22,23,45,9,30,18,4,0,7,19,4,0,105,21,1142,17:51,27,18,416,506,45.1
Brock Nelson,25,LW,NYI,81,20,25,45,-6,36,19,1,0,4,19,5,1,173,11.6,1268,15:39,48,50,346,445,43.7
Tyler Johnson,26,C,TBL,66,19,26,45,-5,28,13,6,0,3,15,11,0,130,14.6,1242,18:49,30,46,583,539,52
Kyle Okposo,28,RW,BUF,65,19,26,45,-7,24,12,7,0,2,10,16,0,156,12.2,1233,18:58,25,53,54,45,54.5
Victor Rask,23,C,CAR,82,16,29,45,-10,16,12,4,0,3,22,6,1,186,8.6,1418,17:18,33,43,457,461,49.8
Jordan Staal,28,C,CAR,75,16,29,45,-1,38,11,4,1,3,25,4,0,164,9.8,1400,18:40,29,139,688,477,59.1
Travis Zajac,31,C,NJD,80,14,31,45,-9,33,7,6,1,1,24,6,1,126,11.1,1578,19:44,26,81,880,733,54.6
Mathieu Perreault,29,C,WPG,65,13,32,45,-11,30,10,3,0,3,20,12,0,134,9.7,1059,16:17,26,97,97,92,51.3
Elias Lindholm,22,C,CAR,72,11,34,45,-2,16,8,2,1,0,21,9,4,151,7.3,1309,18:11,43,99,353,282,55.6
Rasmus Ristolainen,22,D,BUF,79,6,39,45,-9,58,5,1,0,2,14,24,1,186,3.2,2091,26:28,161,195,0,0,
Tanner Pearson,24,LW,LAK,80,24,20,44,5,13,20,3,1,5,14,5,1,187,12.8,1306,16:19,31,124,10,14,41.7
Richard Panik,25,RW,CHI,82,22,22,44,14,58,18,4,0,5,17,5,0,155,14.2,1208,14:44,45,147,2,5,28.6
Patric Hornqvist,30,RW,PIT,70,21,23,44,16,28,11,10,0,6,16,7,0,223,9.4,1117,15:57,62,227,3,8,27.3
Michael Frolik,28,RW,CGY,82,17,27,44,13,58,12,3,2,1,21,5,1,202,8.4,1401,17:05,48,60,13,16,44.8
Alex Galchenyuk,22,C,MTL,61,17,27,44,-5,24,11,6,0,6,18,9,0,104,16.3,972,15:56,32,36,274,368,42.7
Daniel Sedin,36,LW,VAN,82,15,29,44,-16,32,9,6,0,3,21,8,0,216,6.9,1508,18:23,18,20,3,3,50
Drew Doughty,27,D,LAK,82,12,32,44,8,46,7,5,0,1,17,14,1,181,6.6,2226,27:09,109,129,1,0,100
Evander Kane,25,LW,BUF,70,28,15,43,-17,113,25,3,0,5,10,5,0,260,10.8,1344,19:12,29,109,55,67,45.1
Paul Byron,27,LW,MTL,81,22,21,43,21,29,21,0,1,6,17,4,0,96,22.9,1220,15:04,34,119,10,5,66.7
Ryan Nugent-Hopkins,23,C,EDM,82,18,25,43,-10,29,13,5,0,4,19,6,0,200,9,1451,17:42,35,47,556,712,43.8
Jake Gardiner,26,D,TOR,82,9,34,43,24,34,7,2,0,2,23,11,0,127,7.1,1766,21:32,83,69,0,0,
Patrick Maroon,28,LW,EDM,81,27,15,42,13,95,24,3,0,5,12,3,0,178,15.2,1356,16:44,23,189,6,9,40
Zach Parise,32,LW,MIN,69,19,23,42,-3,30,13,6,0,4,17,6,0,194,9.8,1203,17:26,69,46,8,5,61.5
Mike Fisher,36,C,NSH,72,18,24,42,1,55,11,7,0,3,14,10,0,120,15,1196,16:37,64,160,703,577,54.9
Shea Weber,31,D,MTL,78,17,25,42,20,38,5,12,0,4,13,10,2,183,9.3,1955,25:04,157,140,0,0,
Teuvo Teravainen,22,LW,CAR,81,15,27,42,-6,16,10,5,0,2,17,10,0,169,8.9,1315,16:14,33,27,193,220,46.7
Valtteri Filppula,32,C,TOT,79,12,30,42,-1,26,12,0,0,1,23,7,0,97,12.4,1375,17:24,39,26,556,606,47.8
Seth Jones,22,D,CBJ,75,12,30,42,6,24,11,1,0,3,24,6,0,152,7.9,1755,23:24,118,61,0,0,
Ryan McDonagh,27,D,NYR,77,6,36,42,20,37,4,1,1,1,22,14,0,153,3.9,1876,24:21,160,80,0,0,
James Neal,29,RW,NSH,70,23,18,41,-10,35,18,5,0,5,10,8,0,202,11.4,1239,17:42,18,84,3,3,50
Matt Duchene,26,C,COL,77,18,23,41,-34,12,14,3,1,3,17,6,0,160,11.3,1409,18:18,41,42,687,411,62.6
Frans Nielsen,32,C,DET,79,17,24,41,-19,18,11,4,2,0,13,11,0,162,10.5,1355,17:09,54,64,653,561,53.8
Brandon Dubinsky,30,C,CBJ,80,12,29,41,16,91,10,1,1,5,26,3,0,115,10.4,1432,17:54,60,248,770,718,51.7
Keith Yandle,30,D,FLA,82,5,36,41,-6,39,3,2,0,0,19,16,1,178,2.8,1807,22:02,76,28,0,0,
Michael Grabner,29,RW,NYR,76,27,13,40,22,10,26,0,1,3,11,0,2,162,16.7,1071,14:06,34,41,7,6,53.8
Adam Henrique,26,C,NJD,82,20,20,40,-20,38,12,6,2,2,15,4,1,142,14.1,1490,18:10,67,87,585,628,48.2
Brayden Point,20,C,TBL,68,18,22,40,4,14,13,5,0,2,15,7,0,122,14.8,1165,17:08,31,39,238,294,44.7
Paul Stastny,31,C,STL,66,18,22,40,4,36,13,5,0,5,14,8,0,112,16.1,1263,19:08,35,51,786,624,55.7
Lee Stempniak,33,RW,CAR,82,16,24,40,2,32,14,2,0,2,20,4,0,131,12.2,1299,15:51,16,113,3,5,37.5
Phillip Danault,23,LW,MTL,82,13,27,40,5,35,13,0,0,3,24,2,1,133,9.8,1278,15:35,52,76,533,498,51.7
P.K. Subban,27,D,NSH,66,10,30,40,-8,44,7,3,0,2,16,13,1,142,7,1611,24:24,104,78,0,0,
Ryan Suter,32,D,MIN,82,9,31,40,34,36,4,4,1,1,22,8,1,164,5.5,2208,26:55,105,72,0,0,
Martin Hanzal,29,C,TOT,71,20,19,39,-17,53,15,5,0,2,15,4,0,169,11.8,1258,17:43,58,145,767,593,56.4
Mikko Rantanen,20,RW,COL,75,20,19,39,-25,22,16,4,0,2,13,6,0,133,15,1354,18:03,33,29,29,21,58
Derick Brassard,29,C,OTT,81,14,25,39,12,24,11,3,0,3,21,4,0,195,7.2,1408,17:23,24,92,612,613,50
Oliver Ekman-Larsson,25,D,ARI,79,12,27,39,-25,48,4,8,0,1,16,11,0,145,8.3,1945,24:37,85,112,0,0,
Mark Giordano,33,D,CGY,81,12,27,39,22,59,7,3,2,4,15,11,1,151,7.9,1910,23:35,184,78,0,0,
Cam Fowler,25,D,ANA,80,11,28,39,7,20,5,5,1,3,17,10,1,186,5.9,1988,24:51,134,29,0,0,
Ryan Spooner,25,C,BOS,78,11,28,39,-8,14,8,3,0,3,12,15,1,145,7.6,1099,14:06,17,24,79,124,38.9
Alec Martinez,29,D,LAK,82,9,30,39,-17,24,6,2,1,3,17,13,0,144,6.3,1775,21:38,167,137,0,1,0
Shayne Gostisbehere,23,D,PHI,76,7,32,39,-21,32,5,2,0,1,11,21,0,198,3.5,1489,19:36,94,43,0,0,
Matt Niskanen,30,D,WSH,78,5,34,39,20,32,4,1,0,2,25,8,1,154,3.2,1730,22:11,93,147,0,0,
Brady Skjei,22,D,NYR,80,5,34,39,11,42,5,0,0,0,27,7,0,127,3.9,1397,17:28,69,147,0,1,0
Brent Seabrook,31,D,CHI,79,3,36,39,5,26,1,2,0,0,24,12,0,131,2.3,1729,21:54,147,111,0,1,0
Rick Nash,32,RW,NYR,67,23,15,38,9,26,16,6,1,3,12,3,0,195,11.8,1103,16:28,35,63,0,1,0
David Backes,32,RW,BOS,74,17,21,38,2,69,15,2,0,2,16,5,0,175,9.7,1267,17:07,47,225,60,63,48.8
Ryan Ellis,26,D,NSH,71,16,22,38,17,29,11,4,1,3,13,7,2,140,11.4,1701,23:57,137,64,0,0,
Oscar Klefbom,23,D,EDM,82,12,26,38,7,6,9,3,0,3,12,13,1,201,6,1834,22:22,146,43,0,0,
Jared Spurgeon,27,D,MIN,76,10,28,38,33,20,9,1,0,2,23,4,1,144,6.9,1827,24:02,140,49,0,0,
Max Domi,21,LW,ARI,59,9,29,38,-9,40,8,1,0,1,22,7,0,108,8.3,1002,16:59,21,28,5,5,50
Tyson Barrie,25,D,COL,74,7,31,38,-34,18,6,1,0,2,22,9,0,182,3.8,1725,23:18,75,32,0,0,
Nick Bonino,28,C,PIT,80,18,19,37,-5,16,11,6,1,1,14,5,0,142,12.7,1332,16:39,99,60,582,631,48
Justin Faulk,24,D,CAR,75,17,20,37,-18,32,13,4,0,2,11,9,0,225,7.6,1736,23:08,84,117,0,0,
Reilly Smith,25,RW,FLA,80,15,22,37,-13,17,8,6,1,3,17,5,0,160,9.4,1468,18:21,34,75,3,3,50
Kris Versteeg,30,RW,CGY,69,15,22,37,-3,46,7,8,0,1,14,8,0,136,11,1016,14:44,28,5,53,49,52
Mika Zibanejad,23,C,NYR,56,14,23,37,9,16,10,4,0,2,16,7,0,119,11.8,956,17:04,27,23,494,456,52
Scott Hartnell,34,LW,CBJ,78,13,24,37,14,63,11,2,0,1,23,1,0,104,12.5,941,12:04,40,94,3,3,50
John Carlson,27,D,WSH,72,9,28,37,7,10,6,3,0,3,14,13,1,180,5,1635,22:43,127,58,0,0,
Connor Brown,23,RW,TOR,82,20,16,36,3,10,17,2,1,4,12,4,0,139,14.4,1329,16:12,46,50,2,6,25
Alex Killorn,27,LW,TBL,81,19,17,36,-9,66,14,4,1,4,10,6,1,176,10.8,1458,18:00,25,99,4,8,33.3
Anthony Mantha,22,RW,DET,60,17,19,36,10,53,16,1,0,3,17,2,0,133,12.8,954,15:54,33,46,5,6,45.5
Dustin Brown,32,RW,LAK,80,14,22,36,-4,22,9,4,1,1,20,2,0,175,8,1280,16:00,31,190,2,3,40
Mike Green,31,D,DET,72,14,22,36,-20,40,11,3,0,2,15,7,0,125,11.2,1696,23:33,92,67,0,0,
T.J. Brodie,26,D,CGY,82,6,30,36,-16,24,4,1,1,2,18,11,1,78,7.7,1934,23:35,115,30,0,0,
Alex Goligoski,31,D,ARI,82,6,30,36,-9,28,4,1,1,0,22,7,1,112,5.4,1913,23:20,143,137,0,0,
Andrei Markov,38,D,MTL,62,6,30,36,18,16,5,1,0,1,18,11,1,98,6.1,1354,21:50,73,39,0,0,
Nikita Zaitsev,25,D,TOR,82,4,32,36,-22,38,3,1,0,0,20,11,1,106,3.8,1806,22:01,136,176,0,0,
Sven Baertschi,24,LW,VAN,68,18,17,35,-6,8,16,2,0,5,13,4,0,114,15.8,1080,15:53,29,52,1,0,100
Andrew Cogliano,29,LW,ANA,82,16,19,35,11,26,13,0,3,2,18,0,1,178,9,1241,15:08,27,76,8,10,44.4
Mark Letestu,31,C,EDM,78,16,19,35,-2,17,3,11,2,6,15,3,1,120,13.3,1111,14:14,34,71,452,444,50.4
Brian Gionta,38,RW,BUF,82,15,20,35,-11,22,11,3,1,3,15,4,1,149,10.1,1362,16:36,30,54,46,60,43.4
Andre Burakovsky,21,LW,WSH,64,12,23,35,13,14,10,2,0,1,20,3,0,111,10.8,849,13:16,25,31,2,5,28.6
Colin Wilson,27,LW,NSH,70,12,23,35,7,18,6,6,0,0,22,1,0,113,10.6,1047,14:57,23,50,16,23,41
Andrej Sekera,30,D,EDM,80,8,27,35,14,18,6,1,1,1,17,10,0,128,6.3,1719,21:29,166,55,0,0,
Colton Parayko,23,D,STL,81,4,31,35,7,32,0,4,0,2,24,6,1,188,2.1,1717,21:12,117,80,0,0,
Patrik Berglund,28,C,STL,82,23,11,34,-7,32,19,4,0,5,7,4,0,153,15,1311,15:59,42,155,584,585,50
Brandon Sutter,27,C,VAN,81,17,17,34,-20,12,13,4,0,1,13,4,0,160,10.6,1523,18:48,53,78,788,664,54.3
Tobias Rieder,24,RW,ARI,80,16,18,34,-8,6,13,2,1,1,13,4,1,155,10.3,1385,17:19,38,24,4,9,30.8
Tyler Toffoli,24,C,LAK,63,16,18,34,6,22,12,4,0,2,14,3,1,165,9.7,1045,16:35,4,54,2,3,40
Sean Couturier,24,C,PHI,66,14,20,34,12,33,14,0,0,2,17,2,1,120,11.7,1217,18:27,35,41,587,479,55.1
Mathew Dumba,22,D,MIN,76,11,23,34,15,59,5,6,0,1,16,6,1,131,8.4,1545,20:20,71,96,0,0,
Nick Holden,29,D,NYR,80,11,23,34,13,35,8,3,0,2,21,1,1,84,13.1,1649,20:37,88,164,0,1,0
Kris Letang,29,D,PIT,41,5,29,34,2,32,3,2,0,2,16,12,1,122,4.1,1046,25:31,70,70,0,0,
Jaccob Slavin,22,D,CAR,82,5,29,34,23,12,4,0,1,0,22,4,3,99,5.1,1922,23:26,161,35,0,0,
Jason Chimera,37,LW,NYI,82,20,13,33,1,40,19,0,1,2,13,0,0,121,16.5,1071,13:04,30,149,16,18,47.1
Boone Jenner,23,C,CBJ,82,18,15,33,14,52,16,0,2,4,14,1,0,211,8.5,1317,16:04,80,216,92,92,50
Gabriel Landeskog,24,LW,COL,72,18,15,33,-25,62,12,5,1,2,14,1,0,169,10.7,1352,18:47,41,143,62,63,49.6
Jake Guentzel,22,C,PIT,40,16,17,33,7,10,15,1,0,0,15,2,0,81,19.8,635,15:53,18,61,8,8,50
Christian Dvorak,20,LW,ARI,78,15,18,33,7,22,13,2,0,1,15,3,0,88,17,1218,15:37,56,72,471,535,46.8
Devin Shore,22,C,DAL,82,13,20,33,-4,14,12,1,0,0,15,5,0,115,11.3,1159,14:08,71,44,221,249,47
Radek Faksa,23,C,DAL,80,12,21,33,-6,67,12,0,0,0,19,2,0,132,9.1,1294,16:10,62,101,590,632,48.3
Jean-Gabriel Pageau,24,C,OTT,82,12,21,33,13,24,12,0,0,2,19,0,2,169,7.1,1323,16:08,79,161,558,460,54.8
Jacob Trouba,22,D,WPG,60,8,25,33,4,54,6,2,0,1,22,2,1,154,5.2,1498,24:58,118,107,0,0,
Dmitry Orlov,25,D,WSH,82,6,27,33,30,51,5,1,0,0,22,5,0,125,4.8,1602,19:32,94,122,0,0,
Markus Granlund,23,C,VAN,69,19,13,32,-19,14,16,3,0,3,9,4,0,122,15.6,1194,17:19,11,32,40,61,39.6
Dylan Larkin,20,C,DET,80,17,15,32,-28,37,11,5,1,1,13,2,0,178,9.6,1292,16:09,22,67,196,236,45.4
Zack Smith,28,C,OTT,74,16,16,32,6,61,11,1,4,1,16,0,0,137,11.7,1212,16:23,38,140,317,292,52.1
Ryan Dzingel,24,LW,OTT,81,14,18,32,6,30,12,1,1,1,16,2,0,123,11.4,1165,14:23,21,71,9,21,30
Leo Komarov,30,C,TOR,82,14,18,32,6,31,9,4,1,1,11,6,1,114,12.3,1400,17:04,50,232,91,111,45
Matt Moulson,33,LW,BUF,81,14,18,32,-4,10,3,11,0,2,11,7,0,134,10.4,940,11:36,18,37,1,3,25
Andrew Ladd,31,LW,NYI,78,23,8,31,-14,45,19,3,1,4,6,2,0,142,16.2,1262,16:11,54,112,4,6,40
Ryan Hartman,22,LW,CHI,76,19,12,31,13,70,18,1,0,4,12,0,0,170,11.2,970,12:46,30,121,25,37,40.3
Alexandre Burrows,35,LW/RW,TOT,75,15,16,31,3,62,14,1,0,2,15,0,1,143,10.5,1099,14:39,34,68,5,9,35.7
Calle Jarnkrok,25,C,NSH,81,15,16,31,-1,25,12,2,1,1,12,2,2,134,11.2,1274,15:44,29,49,452,463,49.4
Matt Cullen,40,C,PIT,72,13,18,31,4,30,9,2,2,2,16,2,0,93,14,1002,13:55,27,36,440,419,51.2
Mike Cammalleri,34,LW,NJD,61,10,21,31,-9,21,9,1,0,3,12,9,0,142,7,1059,17:21,14,44,17,11,60.7
Damon Severson,22,D,NJD,80,3,28,31,-30,58,3,0,0,1,15,13,0,125,2.4,1628,20:21,72,79,0,0,
Jay Beagle,31,RW,WSH,81,13,17,30,20,22,12,0,1,4,15,0,2,100,13,1104,13:38,44,55,624,483,56.4
Ryan Strome,23,RW,NYI,69,13,17,30,-8,40,11,2,0,2,11,6,0,114,11.4,1008,14:36,21,59,147,197,42.7
Dion Phaneuf,31,D,OTT,81,9,21,30,-6,100,4,4,1,2,9,12,0,156,5.8,1866,23:02,156,132,0,0,
Ivan Provorov,20,D,PHI,82,6,24,30,-7,34,6,0,0,1,19,5,0,161,3.7,1802,21:59,166,111,0,0,
Andreas Athanasiou,22,C,DET,64,18,11,29,-7,28,17,1,0,3,8,3,0,120,15,862,13:28,21,30,37,46,44.6
Josh Anderson,22,RW,CBJ,78,17,12,29,12,89,17,0,0,3,12,0,0,119,14.3,938,12:01,40,147,8,21,27.6
Adam Lowry,23,C,WPG,82,15,14,29,1,52,10,5,0,1,9,4,1,122,12.3,1316,16:03,56,217,658,637,50.8
Andrew Shaw,25,C,MTL,68,12,17,29,4,110,11,1,0,1,11,6,0,127,9.4,1034,15:12,38,147,239,199,54.6
Craig Smith,27,RW,NSH,78,12,17,29,7,30,10,2,0,1,16,1,0,155,7.7,1078,13:49,16,93,51,60,45.9
Robby Fabbri,21,C,STL,51,11,18,29,-16,27,7,4,0,0,13,5,0,91,12.1,796,15:37,14,64,13,11,54.2
Derek Ryan,30,C,CAR,67,11,18,29,-8,22,6,4,1,3,14,4,0,73,15.1,998,14:53,37,33,391,316,55.3
Zdeno Chara,39,D,BOS,75,10,19,29,18,59,7,1,2,0,17,2,0,136,7.4,1750,23:20,140,130,0,1,0
Brendan Gallagher,24,RW,MTL,64,10,19,29,7,39,9,1,0,2,17,2,0,187,5.3,966,15:06,15,69,30,44,40.5
Joel Ward,36,RW,SJS,78,10,19,29,-2,30,7,1,2,2,17,2,0,105,9.5,1244,15:57,56,61,222,233,48.8
Chris Kunitz,37,LW,PIT,71,9,20,29,0,36,9,0,0,3,15,5,0,134,6.7,1101,15:31,28,216,3,10,23.1
Noah Hanifin,20,D,CAR,81,4,25,29,-19,26,2,2,0,1,16,9,0,108,3.7,1452,17:55,73,57,0,0,
Artturi Lehkonen,21,LW,MTL,73,18,10,28,-1,8,15,2,1,3,8,2,0,158,11.4,1012,13:52,25,72,2,2,50
Bryan Rust,24,RW,PIT,57,15,13,28,4,8,15,0,0,1,12,0,1,110,13.6,777,13:38,29,101,2,3,40
Nick Ritchie,21,LW,ANA,77,14,14,28,4,62,13,1,0,3,13,1,0,149,9.4,1000,12:59,24,247,4,4,50
P.A. Parenteau,33,RW,TOT,67,13,15,28,-19,35,9,4,0,2,11,4,0,123,10.6,985,14:42,9,60,6,14,30
Jussi Jokinen,33,LW,FLA,69,11,17,28,-15,39,6,4,1,2,11,6,0,118,9.3,1201,17:25,33,28,75,69,52.1
Travis Konecny,19,C,PHI,70,11,17,28,-2,49,8,3,0,0,16,1,0,133,8.3,986,14:05,26,92,0,5,0
Zach Hyman,24,C,TOR,82,10,18,28,2,30,6,0,4,3,18,0,0,156,6.4,1369,16:42,43,109,11,18,37.9
Vladislav Namestnikov,24,C,TBL,74,10,18,28,-4,31,7,3,0,0,14,3,1,114,8.8,1094,14:47,31,72,209,271,43.5
Tomas Plekanec,34,C,MTL,78,10,18,28,10,24,5,3,2,3,14,4,0,139,7.2,1312,16:49,45,57,692,660,51.2
Jason Demers,28,D,FLA,81,9,19,28,-14,53,9,0,0,2,12,5,2,98,9.2,1588,19:37,90,106,0,1,0
Jake Muzzin,27,D,LAK,82,9,19,28,-21,46,5,4,0,1,13,6,0,184,4.9,1828,22:18,122,162,0,0,
Antoine Vermette,34,C,ANA,72,9,19,28,-7,42,4,5,0,1,13,6,0,88,10.2,1145,15:54,45,51,744,451,62.3
Jeff Petry,29,D,MTL,80,8,20,28,3,22,6,2,0,1,15,5,0,172,4.7,1769,22:07,145,171,0,0,
Nick Schmaltz,20,LW,CHI,61,6,22,28,10,6,6,0,0,0,20,2,0,66,9.1,809,13:16,27,20,84,188,30.9
Marc-Edouard Vlasic,29,D,SJS,75,6,22,28,4,35,5,1,0,2,15,6,1,144,4.2,1593,21:14,144,18,0,0,
Nathan Beaulieu,24,D,MTL,74,4,24,28,8,44,2,2,0,1,14,10,0,118,3.4,1442,19:29,102,65,0,0,
Jimmy Vesey,23,LW,NYR,80,16,11,27,-13,26,11,5,0,6,8,3,0,116,13.8,1091,13:38,37,64,2,5,28.6
Jarome Iginla,39,RW,TOT,80,14,13,27,-30,70,7,7,0,4,9,4,0,153,9.2,1210,15:08,21,116,16,14,53.3
Antoine Roussel,27,LW,DAL,60,12,15,27,1,115,12,0,0,3,12,3,0,82,14.6,931,15:31,45,69,7,9,43.8
Shane Doan,40,RW,ARI,74,6,21,27,-3,48,3,3,0,0,19,2,0,144,4.2,1114,15:03,22,101,94,105,47.2
Morgan Rielly,22,D,TOR,76,6,21,27,-20,21,5,1,0,1,17,4,0,171,3.5,1685,22:10,120,46,0,0,
Mark Streit,39,D,TOT,68,6,21,27,-12,28,5,1,0,2,9,12,0,114,5.3,1275,18:45,92,38,0,0,
Erik Haula,25,C,MIN,72,15,11,26,5,28,14,1,0,4,11,0,0,134,11.2,995,13:49,38,39,404,346,53.9
Sam Bennett,20,C,CGY,81,13,13,26,-16,75,9,4,0,0,12,0,1,122,10.7,1214,14:59,46,127,374,437,46.1
Mikkel Boedker,27,LW,SJS,81,10,16,26,0,10,9,0,1,2,15,1,0,122,8.2,1162,14:21,34,71,5,13,27.8
Jonathan Huberdeau,23,LW,FLA,31,10,16,26,-2,13,7,3,0,2,12,4,0,86,11.6,556,17:55,7,18,4,5,44.4
Scott Wilson,24,LW,PIT,78,8,18,26,0,32,8,0,0,1,18,0,0,127,6.3,854,10:57,31,167,3,0,100
Ian Cole,27,D,PIT,81,5,21,26,26,72,5,0,0,1,20,1,0,89,5.6,1605,19:49,194,164,0,0,
Paul Martin,35,D,SJS,81,4,22,26,10,20,4,0,0,1,22,0,0,57,7,1557,19:14,124,41,0,0,
Micheal Ferland,24,LW,CGY,76,15,10,25,-1,50,13,2,0,1,8,2,0,106,14.2,879,11:34,26,149,3,4,42.9
Brian Boyle,32,C,TOT,75,13,12,25,3,66,10,3,0,2,9,3,0,131,9.9,977,13:02,41,115,303,278,52.2
Troy Brouwer,31,RW,CGY,74,13,12,25,-11,31,7,5,1,2,5,6,1,86,15.1,1200,16:13,39,171,20,44,31.3
Bobby Ryan,29,RW,OTT,62,13,12,25,-3,24,11,2,0,0,9,3,0,111,11.7,963,15:32,36,109,6,3,66.7
Lars Eller,27,C,WSH,81,12,13,25,15,36,11,0,1,2,12,1,0,115,10.4,1126,13:54,30,71,416,467,47.1
Daniel Winnik,31,LW,WSH,72,12,13,25,15,49,10,0,2,3,13,0,0,82,14.6,930,12:55,34,25,9,12,42.9
Jordan Martinook,24,LW,ARI,77,11,14,25,-8,40,9,1,1,2,11,1,2,109,10.1,1207,15:41,68,50,460,577,44.4
Dominic Moore,36,C,BOS,82,11,14,25,2,44,8,0,3,1,13,0,1,96,11.5,1061,12:57,42,63,357,297,54.6
Casey Cizikas,25,C,NYI,59,8,17,25,9,30,8,0,0,1,16,1,0,82,9.8,821,13:54,58,144,420,426,49.6
William Karlsson,24,C,CBJ,81,6,19,25,10,10,5,1,0,3,17,0,2,96,6.3,1084,13:23,24,35,435,525,45.3
Calvin de Haan,25,D,NYI,82,5,20,25,15,36,4,1,0,1,19,1,0,116,4.3,1628,19:51,190,139,0,0,
Mike Ribeiro,36,C,NSH,46,4,21,25,-5,14,2,2,0,0,16,5,0,38,10.5,735,15:58,6,33,183,261,41.2
Jonas Brodin,23,D,MIN,68,3,22,25,5,20,1,2,0,2,17,5,0,85,3.5,1331,19:34,89,20,0,0,
Brett Ritchie,23,RW,DAL,78,16,8,24,11,38,15,1,0,2,7,1,0,167,9.6,1006,12:54,23,153,1,1,50
Alex Chiasson,26,RW,CGY,81,12,12,24,-6,46,11,0,1,1,10,2,0,104,11.5,1084,13:23,18,74,7,22,24.1
Trevor Lewis,30,C,LAK,82,12,12,24,-6,30,11,1,0,3,11,1,0,145,8.3,1170,14:16,30,174,44,66,40
Loui Eriksson,31,LW,VAN,65,11,13,24,-9,8,6,5,0,1,10,2,1,132,8.3,1214,18:41,26,11,0,1,0
Anthony Beauvillier,19,LW,NYI,66,9,15,24,1,10,9,0,0,2,14,1,0,101,8.9,859,13:01,26,81,123,174,41.4
Colton Sceviour,27,C,FLA,80,9,15,24,-16,25,5,1,3,1,12,2,1,172,5.2,1171,14:38,64,108,31,27,53.4
Pavel Zacha,19,C,NJD,70,8,16,24,-17,19,3,5,0,2,8,8,0,83,9.6,1002,14:18,24,54,183,271,40.3
Zack Kassian,26,RW,EDM,79,7,17,24,4,101,7,0,0,0,17,0,0,110,6.4,972,12:18,16,201,4,7,36.4
Troy Stecher,22,D,VAN,71,3,21,24,-16,25,2,1,0,0,14,7,0,125,2.4,1419,19:59,66,51,0,0,
Sami Vatanen,25,D,ANA,71,3,21,24,3,30,1,2,0,0,9,12,0,117,2.6,1538,21:40,128,75,0,0,
Brett Connolly,24,RW,WSH,66,15,8,23,20,40,14,1,0,3,8,0,0,81,18.5,706,10:41,12,89,4,10,28.6
Marcus Foligno,25,LW,BUF,80,13,10,23,-1,73,12,0,1,0,10,0,0,97,13.4,1238,15:28,57,279,1,4,20
Nikolai Kulemin,30,LW,NYI,72,12,11,23,3,18,10,1,1,4,9,1,1,74,16.2,995,13:49,45,78,14,13,51.9
Chris Tierney,22,C,SJS,80,11,12,23,0,6,9,1,1,2,11,0,1,90,12.2,1168,14:36,44,50,399,424,48.5
Mikhail Grigorenko,22,C,COL,75,10,13,23,-14,18,10,0,0,0,9,4,0,85,11.8,1057,14:05,26,27,111,81,57.8
Tom Pyatt,29,LW,OTT,82,9,14,23,9,16,9,0,0,1,12,0,2,95,9.5,1281,15:38,89,46,21,28,42.9
Sven Andrighetto,23,RW,TOT,46,7,16,23,1,12,5,2,0,0,14,2,0,68,10.3,643,13:58,22,40,7,3,70
Johnny Boychuk,33,D,NYI,66,6,17,23,11,19,4,1,1,2,13,3,1,155,3.9,1368,20:44,133,160,1,0,100
Radko Gudas,26,D,PHI,67,6,17,23,8,93,6,0,0,0,16,1,0,113,5.3,1293,19:18,124,280,0,0,
David Savard,26,D,CBJ,74,6,17,23,33,44,6,0,0,0,15,0,2,135,4.4,1616,21:50,126,127,0,0,
Matt Stajan,33,C,CGY,81,6,17,23,3,40,6,0,0,3,15,0,2,59,10.2,1027,12:41,39,60,385,383,50.1
Jack Johnson,30,D,CBJ,82,5,18,23,23,32,4,1,0,1,16,1,1,116,4.3,1789,21:49,134,94,1,0,100
Mattias Ekholm,26,D,NSH,82,3,20,23,4,34,3,0,0,1,16,3,1,120,2.5,1924,23:28,108,61,0,0,
John Moore,26,D,NJD,63,12,10,22,-8,39,11,1,0,1,8,2,0,102,11.8,1196,18:59,61,68,0,0,
Melker Karlsson,26,C,SJS,67,11,11,22,7,22,9,0,2,1,11,0,0,73,15.1,858,12:48,59,67,1,5,16.7
Tomas Hertl,23,C,SJS,49,10,12,22,-8,14,9,1,0,4,11,1,0,100,10,844,17:13,42,76,245,229,51.7
Jori Lehtera,29,C,STL,64,7,15,22,-6,34,7,0,0,1,12,3,0,67,10.4,971,15:11,29,64,409,423,49.2
Nic Dowd,26,C,LAK,70,6,16,22,-15,25,5,1,0,2,9,7,0,78,7.7,872,12:27,35,145,338,369,47.8
Carl Hagelin,28,LW,PIT,61,6,16,22,10,16,6,0,0,2,15,0,1,128,4.7,945,15:29,24,66,3,3,50
Dennis Seidenberg,35,D,NYI,73,5,17,22,25,32,5,0,0,0,17,0,0,89,5.6,1418,19:26,146,154,0,0,
Anton Stralman,30,D,TBL,73,5,17,22,1,20,4,1,0,0,11,6,0,130,3.8,1672,22:54,96,106,0,0,
Brendan Perlini,20,LW,ARI,57,14,7,21,-4,20,11,3,0,2,5,2,0,92,15.2,846,14:50,15,42,1,1,50
Chris Stewart,29,RW,MIN,79,13,8,21,3,94,13,0,0,0,6,2,0,82,15.9,821,10:23,19,85,2,9,18.2
Aaron Ekblad,20,D,FLA,68,10,11,21,-23,58,5,4,1,2,7,4,0,225,4.4,1459,21:28,62,88,0,0,
Marian Gaborik,34,RW,LAK,56,10,11,21,-4,18,7,3,0,3,9,2,0,123,8.1,828,14:47,15,21,0,1,0
Drew Stafford,31,RW,TOT,58,8,13,21,6,24,5,3,0,3,12,1,0,109,7.3,789,13:36,3,62,7,15,31.8
Justin Abdelkader,29,LW,DET,64,7,14,21,-20,50,2,5,0,1,11,2,1,104,6.7,1066,16:40,27,144,5,12,29.4
Alexander Edler,30,D,VAN,68,6,15,21,-20,36,4,2,0,0,13,2,0,138,4.3,1653,24:19,138,106,2,1,66.7
Jesper Fast,25,RW,NYR,68,6,15,21,6,16,6,0,0,1,15,0,0,56,10.7,938,13:48,44,99,17,27,38.6
Steven Stamkos,26,C,TBL,17,9,11,20,3,14,6,3,0,1,7,4,0,58,15.5,304,17:52,3,21,106,92,53.5
Pavel Buchnevich,21,RW,NYR,41,8,12,20,6,13,7,1,0,0,10,2,0,55,14.5,544,13:16,8,17,1,6,14.3
Blake Comeau,30,LW,COL,77,8,12,20,-19,58,5,2,1,1,12,0,0,103,7.8,1154,14:59,22,129,114,132,46.3
Jannik Hansen,30,RW,TOT,43,8,12,20,2,34,8,0,0,1,12,0,0,73,11,690,16:03,15,43,0,1,0
Lauri Korpikoski,30,LW,TOT,69,8,12,20,5,10,8,0,0,0,11,0,1,108,7.4,856,12:24,36,37,0,7,0
Kevin Labanc,21,RW,SJS,55,8,12,20,9,22,8,0,0,2,10,2,0,70,11.4,752,13:41,14,19,2,2,50
Oscar Lindberg,25,C,NYR,65,8,12,20,2,32,8,0,0,1,11,1,0,86,9.3,704,10:50,36,94,299,276,52
Jakob Chychrun,18,D,ARI,68,7,13,20,-14,47,6,1,0,0,12,1,0,86,8.1,1133,16:40,99,109,0,0,
Hampus Lindholm,23,D,ANA,66,6,14,20,13,36,5,1,0,2,10,4,0,94,6.4,1482,22:27,94,98,2,0,100
Josh Morrissey,21,D,WPG,82,6,14,20,6,38,5,1,0,3,14,0,0,99,6.1,1598,19:29,139,145,0,0,
Cal Clutterbuck,29,RW,NYI,66,5,15,20,2,28,5,0,0,1,14,1,0,115,4.3,924,13:00,25,222,3,5,37.5
Thomas Hickey,27,D,NYI,76,4,16,20,-1,35,4,0,0,2,13,3,0,87,4.6,1331,17:31,103,89,0,0,
Jake McCabe,23,D,BUF,76,3,17,20,-7,26,2,1,0,1,14,3,0,79,3.8,1574,20:42,114,73,0,0,
Brett Pesce,22,D,CAR,82,2,18,20,23,20,2,0,0,0,16,2,0,109,1.8,1739,21:12,148,57,0,0,
Joel Armia,23,RW,WPG,57,10,9,19,-8,20,6,0,4,1,7,2,0,111,9,863,15:08,30,68,3,4,42.9
Matt Read,30,RW,PHI,63,10,9,19,3,8,7,2,1,2,9,0,0,92,10.9,869,13:48,32,95,5,10,33.3
Beau Bennett,25,RW,NJD,65,8,11,19,-4,20,7,1,0,1,10,1,0,101,7.9,881,13:33,13,76,3,13,18.8
Tom Wilson,22,RW,WSH,82,7,12,19,9,133,7,0,0,0,12,0,0,95,7.4,1060,12:56,44,239,3,7,30
Trevor Daley,33,D,PIT,56,5,14,19,7,37,4,1,0,0,10,3,1,84,6,1141,20:23,83,29,0,0,
Ben Hutton,23,D,VAN,71,5,14,19,-22,31,3,2,0,1,5,9,0,130,3.8,1455,20:30,106,46,0,0,
Adam Larsson,24,D,EDM,79,4,15,19,21,55,4,0,0,0,15,0,0,85,4.7,1592,20:09,160,253,0,0,
Cody Franson,29,D,BUF,68,3,16,19,-5,34,2,1,0,0,15,1,0,93,3.2,1257,18:29,68,87,0,0,
Matt Hunwick,31,D,TOR,72,1,18,19,8,18,1,0,0,0,18,0,0,73,1.4,1294,17:59,90,91,0,0,
Rene Bourque,35,RW,COL,65,12,6,18,-19,56,10,2,0,2,6,0,0,111,10.8,906,13:57,26,75,0,5,0
Scottie Upshall,33,RW,STL,73,10,8,18,-1,45,8,0,2,1,8,0,0,85,11.8,802,10:59,21,99,3,9,25
Frank Vatrano,22,C,BOS,44,10,8,18,-3,14,6,4,0,1,7,1,0,116,8.6,593,13:29,16,51,2,5,28.6
Brandon Pirri,25,RW,NYR,60,8,10,18,-8,25,3,5,0,3,6,4,0,96,8.3,737,12:17,20,41,140,103,57.6
Patrick Sharp,35,LW,DAL,48,8,10,18,-22,31,6,1,1,0,10,0,0,146,5.5,765,15:57,24,24,29,32,47.5
Drake Caggiula,22,LW,EDM,60,7,11,18,3,16,5,2,0,2,7,3,1,93,7.5,794,13:14,19,97,117,167,41.2
Michael Del Zotto,26,D,PHI,51,6,12,18,-5,28,6,0,0,0,10,1,1,92,6.5,995,19:30,85,173,0,1,0
Esa Lindell,22,D,DAL,73,6,12,18,8,22,6,0,0,2,10,2,0,99,6.1,1597,21:52,119,93,0,1,0
Francois Beauchemin,36,D,COL,81,5,13,18,-14,32,5,0,0,1,10,3,0,132,3.8,1743,21:31,156,73,0,0,
Niklas Hjalmarsson,29,D,CHI,73,5,13,18,12,20,5,0,0,0,12,0,1,61,8.2,1569,21:30,181,23,0,0,
Shane Prince,24,LW,NYI,50,5,13,18,-9,18,4,1,0,2,11,2,0,71,7,649,12:58,12,36,4,3,57.1
Alan Quine,23,C,NYI,61,5,13,18,-2,8,3,2,0,1,12,1,0,82,6.1,764,12:31,29,77,264,286,48
Dennis Wideman,33,D,CGY,57,5,13,18,-6,32,3,2,0,1,10,3,0,87,5.7,1153,20:14,74,61,0,0,
Derek Forbort,24,D,LAK,82,2,16,18,8,54,2,0,0,0,15,0,1,100,2,1650,20:07,159,180,1,0,100
Andrew MacDonald,30,D,PHI,73,2,16,18,-5,26,2,0,0,0,15,0,1,65,3.1,1468,20:06,151,39,0,0,
David Schlemko,29,D,SJS,62,2,16,18,4,14,1,1,0,1,14,2,0,118,1.7,1038,16:45,112,35,0,0,
Andrew Copp,22,C,WPG,64,9,8,17,8,18,8,0,1,1,8,0,0,77,11.7,790,12:21,28,87,95,97,49.5
Jamie McGinn,28,LW,ARI,72,9,8,17,-23,23,9,0,0,2,6,2,0,116,7.8,948,13:10,18,116,1,2,33.3
Darren Helm,30,C,DET,50,8,9,17,-6,20,6,2,0,1,6,2,1,98,8.2,768,15:22,18,71,216,204,51.4
Torrey Mitchell,32,C,MTL,78,8,9,17,5,38,8,0,0,1,9,0,0,68,11.8,983,12:36,56,47,410,342,54.5
Miles Wood,21,LW,NJD,60,8,9,17,-21,86,6,2,0,0,7,2,0,105,7.6,771,12:51,26,68,1,1,50
Michael Matheson,22,D,FLA,81,7,10,17,-5,36,7,0,0,0,8,1,1,179,3.9,1705,21:03,118,69,1,0,100
Riley Nash,27,C,BOS,81,7,10,17,-1,14,6,0,1,2,8,0,2,125,5.6,1118,13:48,36,67,276,286,49.1
Joonas Donskoi,24,RW,SJS,61,6,11,17,-5,10,5,1,0,0,8,3,0,95,6.3,842,13:49,27,27,8,8,50
Nick Shore,24,C,LAK,70,6,11,17,-2,20,5,0,1,1,11,0,0,79,7.6,895,12:47,22,58,362,359,50.2
Brian Campbell,37,D,CHI,80,5,12,17,12,24,3,2,0,1,9,3,0,74,6.8,1474,18:26,83,43,0,0,
Marcus Kruger,26,C,CHI,70,5,12,17,7,34,5,0,0,0,12,0,0,83,6,981,14:01,62,31,357,370,49.1
Josh Manson,25,D,ANA,82,5,12,17,14,82,4,0,1,1,11,0,1,88,5.7,1527,18:38,79,227,0,0,
Austin Watson,25,LW,NSH,77,5,12,17,14,99,5,0,0,0,11,0,1,90,5.6,957,12:26,66,143,17,25,40.5
Chris Wideman,27,D,OTT,76,5,12,17,7,46,4,1,0,1,8,4,0,123,4.1,1061,13:58,68,68,0,0,
Jordie Benn,29,D,TOT,71,4,13,17,-4,28,4,0,0,1,10,2,1,68,5.9,1298,18:17,144,64,0,0,
Ron Hainsey,35,D,TOT,72,4,13,17,-8,21,3,0,1,1,11,0,2,71,5.6,1586,22:02,120,93,0,0,
Nikita Nesterov,23,D,TOT,48,4,13,17,0,24,3,1,0,0,12,1,0,63,6.3,782,16:17,21,84,0,0,
Mark Pysyk,25,D,FLA,82,4,13,17,0,10,4,0,0,0,13,0,0,86,4.7,1522,18:34,99,72,0,1,0
Nate Schmidt,25,D,WSH,60,3,14,17,22,16,3,0,0,0,13,0,1,60,5,929,15:29,37,51,0,0,
Cody Ceci,23,D,OTT,79,2,15,17,-11,20,2,0,0,0,12,1,2,143,1.4,1833,23:12,159,111,1,0,100
Erik Johnson,28,D,COL,46,2,15,17,-6,9,2,0,0,1,9,6,0,96,2.1,1016,22:05,98,87,0,0,
Connor Murphy,23,D,ARI,77,2,15,17,-13,45,1,0,1,1,15,0,0,81,2.5,1477,19:11,119,201,0,0,
Kevin Fiala,20,LW,NSH,54,11,5,16,1,18,11,0,0,1,5,0,0,114,9.6,730,13:31,14,44,0,0,
Viktor Stalberg,31,LW,TOT,75,11,5,16,-9,41,8,1,2,2,4,1,0,101,10.9,915,12:12,28,141,0,3,0
Adam Cracknell,31,RW,DAL,69,10,6,16,9,12,9,0,1,2,6,0,0,87,11.5,722,10:28,37,91,135,160,45.8
Dwight King,27,LW,TOT,80,9,7,16,-2,12,9,0,0,1,7,0,0,110,8.2,1153,14:24,28,120,4,12,25
Ryan White,28,C,TOT,65,9,7,16,-16,84,9,0,0,1,7,0,0,60,15,693,10:39,33,187,39,52,42.9
Zemgus Girgensons,23,C,BUF,75,7,9,16,-7,18,7,0,0,0,9,0,0,112,6.3,987,13:10,26,120,273,306,47.2
Brock McGinn,22,LW,CAR,57,7,9,16,-11,6,7,0,0,1,8,0,1,74,9.5,684,11:00,22,91,1,3,25
Brandon Carlo,20,D,BOS,82,6,10,16,9,59,5,0,1,0,10,0,0,88,6.8,1707,20:49,115,87,0,0,
Nick Cousins,23,C,PHI,60,6,10,16,-6,31,5,1,0,0,9,1,0,99,6.1,720,12:00,24,61,89,128,41
Tanner Kero,24,RW,CHI,47,6,10,16,15,8,6,0,0,0,10,0,0,60,10,634,13:29,51,41,209,262,44.4
Derek MacKenzie,35,C,FLA,82,6,10,16,-7,50,4,0,2,1,7,0,3,91,6.6,1030,12:34,45,192,386,386,50
Curtis McKenzie,25,LW,DAL,53,6,10,16,5,72,6,0,0,3,10,0,0,66,9.1,575,10:51,31,103,3,3,50
Alexander Burmistrov,25,C,TOT,49,5,11,16,-7,12,1,4,0,0,9,1,1,45,11.1,654,13:21,19,60,178,259,40.7
Trevor van Riemsdyk,25,D,CHI,58,5,11,16,17,29,5,0,0,2,11,0,0,73,6.8,1068,18:25,100,22,0,0,
Deryk Engelland,34,D,CGY,81,4,12,16,2,85,4,0,0,2,12,0,0,107,3.7,1485,18:20,134,135,1,0,100
Tom Kuhnhackl,25,RW,PIT,57,4,12,16,8,18,3,0,1,0,11,0,1,49,8.2,607,10:39,42,112,2,2,50
Dan Hamhuis,34,D,DAL,79,1,15,16,-7,23,0,1,0,0,13,0,2,83,1.2,1529,19:22,100,93,0,0,
Matt Calvert,27,LW,CBJ,65,10,5,15,-4,48,7,0,3,1,4,0,1,92,10.9,868,13:21,34,61,2,14,12.5
Kyle Brodziak,32,C,STL,69,8,7,15,2,27,8,0,0,2,7,0,0,55,14.5,773,11:12,39,56,323,330,49.5
Dale Weise,28,RW,PHI,64,8,7,15,1,39,7,1,0,2,6,1,0,94,8.5,824,12:53,24,135,3,0,100
Kyle Quincey,31,D,TOT,73,6,9,15,3,51,6,0,0,0,9,0,0,79,7.6,1306,17:54,96,95,0,0,
Chris VandeVelde,29,C,PHI,81,6,9,15,-5,16,6,0,0,0,9,0,0,69,8.7,936,11:34,60,114,24,20,54.5
Anthony Duclair,21,LW,ARI,58,5,10,15,-7,14,5,0,0,1,8,2,0,76,6.6,771,13:18,17,22,4,4,50
Ondrej Kase,21,RW,ANA,53,5,10,15,-1,18,5,0,0,2,10,0,0,77,6.5,625,11:47,14,42,1,6,14.3
Dan Girardi,32,D,NYR,63,4,11,15,8,16,3,0,1,3,10,0,1,56,7.1,1203,19:06,166,107,0,0,
Matt Benning,22,D,EDM,62,3,12,15,8,29,2,1,0,0,10,2,0,69,4.3,1030,16:37,64,111,0,0,
Joel Edmundson,23,D,STL,69,3,12,15,11,60,3,0,0,1,12,0,0,81,3.7,1226,17:46,95,122,0,0,
Michael Stone,26,D,TOT,64,3,12,15,0,32,2,1,0,0,8,4,0,81,3.7,1268,19:49,143,125,1,0,100
Jay Bouwmeester,33,D,STL,81,1,14,15,6,28,1,0,0,0,13,1,0,106,0.9,1815,22:24,111,67,0,0,
Brian Dumoulin,25,D,PIT,70,1,14,15,0,14,1,0,0,0,10,4,0,78,1.3,1438,20:33,99,113,0,0,
Benoit Pouliot,30,LW,EDM,67,8,6,14,-5,34,8,0,0,1,6,0,0,77,10.4,942,14:03,39,39,7,21,25
Nick Bjugstad,24,C,FLA,54,7,7,14,-19,22,6,1,0,1,5,2,0,91,7.7,710,13:09,9,72,186,205,47.6
Tim Schaller,26,C,BOS,59,7,7,14,-6,23,7,0,0,2,7,0,0,89,7.9,724,12:16,38,73,28,29,49.1
David Desharnais,30,C,TOT,49,6,8,14,4,12,6,0,0,1,6,2,0,46,13,610,12:28,15,5,170,162,51.2
Vinnie Hinostroza,22,LW,CHI,49,6,8,14,-1,17,6,0,0,2,8,0,0,76,7.9,587,11:59,19,31,68,103,39.8
Carl Soderberg,31,C,COL,80,6,8,14,-26,22,5,1,0,0,7,1,0,128,4.7,1076,13:27,42,34,365,337,52
Anthony DeAngelo,21,D,ARI,39,5,9,14,-13,37,3,2,0,1,3,6,0,60,8.3,667,17:06,48,31,0,0,
Kevin Bieksa,35,D,ANA,81,3,11,14,0,63,2,1,0,1,9,2,0,94,3.2,1519,18:45,100,173,0,0,
Luke Glendening,27,C,DET,74,3,11,14,-10,26,3,0,0,0,10,1,0,76,3.9,956,12:55,62,150,307,261,54
Travis Hamonic,26,D,NYI,49,3,11,14,-21,60,3,0,0,0,10,1,0,74,4.1,1002,20:27,108,58,0,0,
Matt Irwin,29,D,NSH,74,3,11,14,15,26,3,0,0,1,9,0,2,98,3.1,1204,16:16,121,115,0,0,
Kevin Klein,32,D,NYR,60,3,11,14,5,31,3,0,0,0,9,1,1,54,5.6,1058,17:38,123,135,0,0,
Andrej Sustr,26,D,TBL,80,3,11,14,-10,43,3,0,0,1,11,0,0,93,3.2,1407,17:35,102,45,0,1,0
Toby Enstrom,32,D,WPG,60,1,13,14,-7,42,0,0,1,0,7,6,0,46,2.2,1314,21:54,94,24,0,0,
Alex Petrovic,24,D,FLA,49,1,13,14,-1,79,1,0,0,0,13,0,0,55,1.8,889,18:09,55,106,0,0,
Paul Postma,27,D,WPG,65,1,13,14,3,15,1,0,0,0,13,0,0,50,2,706,10:51,42,36,0,0,
Brooks Orpik,36,D,WSH,79,0,14,14,32,48,0,0,0,0,14,0,0,93,0,1405,17:47,132,181,0,0,
Magnus Paajarvi,25,LW,STL,32,8,5,13,9,6,7,1,0,3,5,0,0,51,15.7,389,12:09,16,29,1,2,33.3
Matthew Nieto,24,LW,TOT,59,7,6,13,-12,8,7,0,0,1,5,0,1,85,8.2,881,14:55,34,40,2,4,33.3
Ryan Reaves,30,RW,STL,80,7,6,13,4,104,7,0,0,1,6,0,0,58,12.1,711,8:53,26,239,0,5,0
Lukas Sedlak,23,LW,CBJ,62,7,6,13,10,25,6,0,1,0,6,0,0,57,12.3,603,9:43,28,66,232,211,52.4
Oliver Bjorkstrand,21,RW,CBJ,26,6,7,13,4,6,6,0,0,2,7,0,0,55,10.9,366,14:05,9,14,1,0,100
Colin Miller,24,D,BOS,61,6,7,13,0,55,5,1,0,0,6,1,0,85,7.1,965,15:49,36,85,0,0,
Jordan Schroeder,26,C,MIN,37,6,7,13,5,0,6,0,0,0,7,0,0,37,16.2,362,9:47,15,29,19,21,47.5
Austin Czarnik,24,C,BOS,49,5,8,13,-10,12,5,0,0,1,5,3,0,66,7.6,638,13:01,25,19,57,76,42.9
Tyler Ennis,27,LW,BUF,51,5,8,13,-10,12,5,0,0,1,5,3,0,89,5.6,655,12:50,23,45,3,13,18.8
Justin Braun,29,D,SJS,81,4,9,13,1,28,4,0,0,0,7,0,2,95,4.2,1626,20:05,161,136,0,0,
Andy Greene,34,D,NJD,66,4,9,13,-15,8,2,1,1,1,6,3,0,83,4.8,1448,21:57,124,50,0,0,
Nick Jensen,26,D,DET,49,4,9,13,-7,12,4,0,0,0,8,0,1,59,6.8,870,17:45,56,55,0,0,
Marco Scandella,26,D,MIN,71,4,9,13,-2,25,4,0,0,0,9,0,0,88,4.5,1302,18:20,85,50,0,0,
Karl Alzner,28,D,WSH,82,3,10,13,23,28,3,0,0,0,10,0,0,81,3.7,1623,19:47,162,105,0,0,
Kevan Miller,29,D,BOS,58,3,10,13,1,50,3,0,0,1,9,0,1,49,6.1,1032,17:48,76,121,0,0,
Mark Barberio,26,D,TOT,60,2,11,13,-5,14,1,1,0,0,8,3,0,80,2.5,1096,18:16,55,20,0,0,
Niklas Kronwall,36,D,DET,57,2,11,13,-7,32,2,0,0,0,5,6,0,67,3,1109,19:27,81,77,0,0,
Luca Sbisa,27,D,VAN,82,2,11,13,-1,40,2,0,0,1,11,0,0,75,2.7,1556,18:59,122,130,0,0,
Riley Sheahan,25,C,DET,80,2,11,13,-29,14,1,1,0,0,9,2,0,109,1.8,1118,13:58,38,81,236,230,50.6
Nic Petan,21,LW,WPG,54,1,12,13,-13,12,1,0,0,0,4,8,0,57,1.8,589,10:54,10,12,145,170,46
Kris Russell,29,D,EDM,68,1,12,13,5,23,1,0,0,1,11,1,0,68,1.5,1443,21:13,213,67,0,0,
Fedor Tyutin,33,D,COL,69,1,12,13,-25,38,1,0,0,0,12,0,0,46,2.2,1307,18:56,90,116,0,0,
Shawn Matthias,28,LW,WPG,45,8,4,12,0,13,7,0,1,1,4,0,0,51,15.7,610,13:34,19,47,5,11,31.3
Jordan Weal,24,C,PHI,23,8,4,12,5,10,7,1,0,1,4,0,0,49,16.3,329,14:19,8,7,14,14,50
Joakim Nordstrom,24,LW,CAR,82,7,5,12,-12,17,6,0,1,2,5,0,0,104,6.7,1043,12:43,41,148,9,20,31
Tommy Wingels,28,C,TOT,73,7,5,12,-11,27,7,0,0,2,5,0,0,81,8.6,767,10:30,46,125,111,149,42.7
Kyle Clifford,26,LW,LAK,73,6,6,12,-2,92,6,0,0,0,6,0,0,122,4.9,783,10:43,7,146,2,3,40
Ivan Barbashev,21,C,STL,30,5,7,12,5,2,5,0,0,1,7,0,0,20,25,354,11:47,14,34,83,124,40.1
Braydon Coburn,31,D,TBL,80,5,7,12,-1,50,4,0,1,0,7,0,0,102,4.9,1339,16:44,76,109,0,0,
Lawson Crouse,19,LW,ARI,72,5,7,12,-20,48,4,0,1,2,7,0,0,84,6,856,11:53,29,160,1,1,50
Peter Holland,26,C,TOT,48,5,7,12,-16,22,4,1,0,0,7,0,0,79,6.3,612,12:45,9,37,228,274,45.4
Chris Kelly,36,C,OTT,82,5,7,12,-16,23,4,0,1,2,7,0,0,85,5.9,979,11:56,48,71,223,278,44.5
Danny DeKeyser,26,D,DET,82,4,8,12,-22,33,4,0,0,2,8,0,0,85,4.7,1800,21:57,170,100,0,0,
Josh Jooris,26,RW,TOT,54,4,8,12,-2,16,4,0,0,0,7,0,1,75,5.3,659,12:12,30,49,222,228,49.3
Devin Setoguchi,30,RW,LAK,45,4,8,12,-5,14,4,0,0,0,7,1,0,60,6.7,560,12:27,10,53,2,2,50
Patrick Wiercioch,26,D,COL,57,4,8,12,-18,23,4,0,0,0,8,0,0,63,6.3,950,16:40,57,52,1,0,100
Cody Eakin,25,C,DAL,60,3,9,12,-7,49,3,0,0,1,7,2,0,82,3.7,1009,16:49,39,65,524,477,52.3
Brandon Manning,26,D,PHI,65,3,9,12,-12,83,2,0,1,1,9,0,0,84,3.6,1174,18:03,79,121,0,1,0
Xavier Ouellet,23,D,DET,66,3,9,12,2,51,3,0,0,0,9,0,0,89,3.4,1186,17:58,87,73,0,2,0
Ben Chiarot,25,D,WPG,59,2,10,12,2,33,2,0,0,0,10,0,0,49,4.1,904,15:19,94,78,0,0,
Micheal Haley,30,C,SJS,58,2,10,12,6,128,2,0,0,1,10,0,0,37,5.4,532,9:11,23,129,66,83,44.3
Marc Methot,31,D,OTT,68,0,12,12,13,24,0,0,0,0,12,0,0,69,0,1348,19:49,77,164,0,0,
Tyler Pitlick,25,RW,EDM,31,8,3,11,0,6,8,0,0,1,3,0,0,54,14.8,308,9:55,13,70,8,7,53.3
Michael Raffl,28,LW,PHI,52,8,3,11,-7,20,8,0,0,3,3,0,0,63,12.7,690,13:16,22,91,3,7,30
Eric Fehr,31,C,TOT,53,6,5,11,2,14,6,0,0,3,5,0,0,62,9.7,579,10:56,35,82,79,76,51
Johan Larsson,24,C,BUF,36,6,5,11,-7,20,5,1,0,2,5,0,0,49,12.2,607,16:51,23,33,261,271,49.1
Darnell Nurse,21,D,EDM,44,5,6,11,0,33,5,0,0,0,6,0,0,85,5.9,749,17:01,53,107,0,0,
Marko Dano,22,C,WPG,38,4,7,11,0,10,2,2,0,0,7,0,0,44,9.1,406,10:41,14,83,1,3,25
Roman Polak,30,D,TOR,75,4,7,11,10,65,4,0,0,1,7,0,0,64,6.3,1344,17:55,133,232,0,1,0
Fredrik Claesson,24,D,OTT,33,3,8,11,5,4,3,0,0,0,7,0,1,25,12,434,13:08,24,55,0,0,
Jiri Hudler,33,RW,DAL,32,3,8,11,-3,4,2,1,0,1,8,0,0,27,11.1,379,11:51,3,9,3,2,60
Zach Bogosian,26,D,BUF,56,2,9,11,-17,46,2,0,0,1,8,1,0,73,2.7,1125,20:05,97,59,0,1,0
Adam Clendening,24,D,NYR,31,2,9,11,3,17,1,1,0,0,8,1,0,38,5.3,490,15:49,27,22,0,0,
Ryan Murray,23,D,CBJ,60,2,9,11,3,24,2,0,0,0,7,1,1,52,3.8,1100,18:20,96,23,0,0,
Dmitrij Jaskin,23,RW,STL,51,1,10,11,5,18,1,0,0,0,10,0,0,55,1.8,589,11:33,19,98,5,5,50
Jake Dotchin,22,D,TBL,35,0,11,11,10,35,0,0,0,0,11,0,0,50,0,645,18:26,19,85,0,0,
Stefan Noesen,23,RW,TOT,44,8,2,10,6,24,8,0,0,0,2,0,0,63,12.7,490,11:08,10,50,26,41,38.8
Colton Sissons,23,C,NSH,58,8,2,10,11,12,7,0,1,1,2,0,0,42,19,645,11:07,24,104,192,192,50
Reid Boucher,23,LW/C,TOT,39,6,4,10,-6,8,5,1,0,0,4,0,0,70,8.6,465,11:56,14,19,0,1,0
Brian Flynn,28,C,MTL,51,6,4,10,2,4,6,0,0,0,4,0,0,47,12.8,615,12:04,29,20,69,80,46.3
Denis Malgin,20,C,FLA,47,6,4,10,-5,8,4,2,0,1,4,0,0,67,9,528,11:14,15,34,67,117,36.4
Joseph Cramarossa,24,LW,TOT,59,4,6,10,0,60,4,0,0,1,4,0,2,36,11.1,587,9:57,23,133,6,1,85.7
Joshua Ho-Sang,21,RW,NYI,21,4,6,10,1,12,3,1,0,0,5,1,0,22,18.2,346,16:27,2,4,0,2,0
Stephen Johns,24,D,DAL,61,4,6,10,-10,36,4,0,0,1,5,1,0,91,4.4,1114,18:15,130,159,0,0,
Cedric Paquette,23,C,TBL,58,4,6,10,-6,80,4,0,0,0,6,0,0,68,5.9,668,11:31,46,144,200,234,46.1
Anton Slepyshev,22,LW,EDM,41,4,6,10,5,4,4,0,0,0,6,0,0,55,7.3,456,11:07,15,64,2,3,40
Adam Pelech,22,D,NYI,44,3,7,10,-5,6,3,0,0,0,7,0,0,40,7.5,741,16:50,68,73,0,0,
Logan Shaw,25,RW,ANA,55,3,7,10,3,10,2,0,1,1,6,0,1,59,5.1,534,9:43,18,62,55,90,37.9
Marc Staal,30,D,NYR,72,3,7,10,9,34,3,0,0,0,6,0,1,70,4.3,1381,19:11,97,89,0,1,0
Brenden Dillon,26,D,SJS,81,2,8,10,-2,60,2,0,0,0,8,0,0,86,2.3,1334,16:28,81,173,0,0,
Alexei Emelin,30,D,MTL,76,2,8,10,1,71,2,0,0,0,8,0,0,82,2.4,1620,21:19,127,241,0,0,
Josh Leivo,23,LW,TOR,13,2,8,10,2,4,1,1,0,0,6,2,0,27,7.4,163,12:34,4,5,1,1,50
Adam McQuaid,30,D,BOS,77,2,8,10,4,71,2,0,0,1,7,0,1,64,3.1,1405,18:15,144,157,0,0,
Chad Ruhwedel,26,D,PIT,34,2,8,10,9,8,2,0,0,0,5,3,0,45,4.4,589,17:20,26,36,0,0,
Chris Tanev,27,D,VAN,53,2,8,10,3,14,2,0,0,1,8,0,0,39,5.1,1078,20:21,91,19,0,0,
Jacob Josefson,25,C,NJD,38,1,9,10,-1,16,1,0,0,1,8,1,0,44,2.3,465,12:15,12,31,162,151,51.8
Nikita Zadorov,21,D,COL,56,0,10,10,-20,73,0,0,0,0,8,2,0,61,0,1066,19:02,69,153,0,0,
Tyler Graovac,23,C,MIN,52,7,2,9,7,10,7,0,0,2,2,0,0,48,14.6,512,9:50,15,52,163,180,47.5
Matt Puempel,24,LW,TOT,40,6,3,9,-11,11,3,3,0,1,3,0,0,44,13.6,386,9:39,12,28,0,1,0
Matt Martin,27,LW,TOR,82,5,4,9,0,123,5,0,0,0,4,0,0,66,7.6,730,8:54,26,300,0,11,0
Brad Richardson,31,RW,ARI,16,5,4,9,-1,15,3,0,2,0,3,0,1,25,20,246,15:21,7,19,121,109,52.6
Jack Skille,29,RW,VAN,55,5,4,9,0,12,5,0,0,0,4,0,0,73,6.8,484,8:48,24,74,2,0,100
Nikita Soshnikov,23,RW,TOR,56,5,4,9,1,16,5,0,0,0,3,1,0,70,7.1,608,10:51,28,101,2,15,11.8
Devante Smith-Pelly,24,RW,NJD,53,4,5,9,-18,12,4,0,0,0,3,2,0,76,5.3,716,13:30,32,94,29,42,40.8
Joseph Blandisi,22,LW,NJD,27,3,6,9,-10,26,2,1,0,2,2,4,0,24,12.5,361,13:22,6,37,76,93,45
Brendan Smith,27,D,TOT,51,3,6,9,1,63,2,1,0,1,4,2,0,62,4.8,981,19:15,65,59,0,0,
Nail Yakupov,23,RW,STL,40,3,6,9,-3,14,3,0,0,0,6,0,0,35,8.6,426,10:39,8,32,0,0,
Daniel Carr,25,LW,MTL,33,2,7,9,4,6,2,0,0,1,7,0,0,44,4.5,338,10:15,12,19,2,1,66.7
Scott Mayfield,24,D,NYI,25,2,7,9,-1,35,2,0,0,0,7,0,0,39,5.1,354,14:08,36,37,0,0,
Johnny Oduya,35,D,TOT,52,2,7,9,-4,18,2,0,0,0,7,0,0,37,5.4,950,18:16,123,29,0,0,
Michael Sgarbossa,24,C,TOT,38,2,7,9,-5,9,1,1,0,0,6,1,0,33,6.1,424,11:09,16,39,138,176,43.9
Shea Theodore,21,D,ANA,34,2,7,9,-6,28,1,1,0,1,5,1,1,60,3.3,589,17:19,30,14,0,0,
Nikita Tryamkin,22,D,VAN,66,2,7,9,-7,64,2,0,0,0,7,0,0,65,3.1,1105,16:44,87,145,0,0,
Jonathan Ericsson,32,D,DET,51,1,8,9,-2,63,1,0,0,0,8,0,0,43,2.3,980,19:13,36,86,0,0,
Jason Garrison,32,D,TBL,70,1,8,9,-8,14,1,0,0,0,8,0,0,96,1,1300,18:34,91,93,0,0,
Greg Pateryn,26,D,TOT,36,1,8,9,-1,10,1,0,0,0,8,0,0,42,2.4,555,15:25,66,69,0,0,
Yanni Gourde,25,C,TBL,20,6,2,8,-1,8,5,0,1,1,2,0,0,30,20,307,15:22,3,11,60,103,36.8
William Carrier,22,LW,BUF,41,5,3,8,-1,21,5,0,0,1,3,0,0,50,10,369,9:00,10,112,1,1,50
Jay McClement,33,C,CAR,65,5,3,8,-8,18,4,0,1,1,3,0,0,37,13.5,740,11:23,40,49,253,272,48.2
Pierre-Edouard Bellemare,31,LW,PHI,82,4,4,8,-1,20,4,0,0,0,3,0,1,90,4.4,1064,12:58,70,73,400,429,48.3
Michael Chaput,24,C,VAN,68,4,4,8,-12,29,4,0,0,0,4,0,0,64,6.3,750,11:01,29,68,203,182,52.7
Joe Colborne,27,C,COL,62,4,4,8,-21,34,2,2,0,0,3,1,0,48,8.3,663,10:42,14,86,45,72,38.5
Jayson Megna,26,C,VAN,58,4,4,8,-4,6,4,0,0,0,3,1,0,72,5.6,721,12:26,23,87,2,14,12.5
Jordan Nolan,27,C,LAK,46,4,4,8,-3,44,4,0,0,0,4,0,0,39,10.3,499,10:51,7,62,2,4,33.3
Dennis Rasmussen,26,C,CHI,68,4,4,8,-4,12,4,0,0,0,4,0,0,77,5.2,804,11:50,49,61,165,205,44.6
Zachary Sanford,22,LW/C,TOT,39,4,4,8,2,10,4,0,0,2,4,0,0,36,11.1,423,10:51,20,22,17,22,43.6
Matt Beleskey,28,LW,BOS,49,3,5,8,-10,47,3,0,0,0,3,2,0,79,3.8,650,13:16,18,98,29,41,41.4
Connor Carrick,22,D,TOR,67,2,6,8,8,51,1,1,0,0,6,0,0,89,2.2,1095,16:20,79,66,0,0,
Christian Folin,25,D,MIN,51,2,6,8,10,26,2,0,0,0,6,0,0,39,5.1,762,14:56,59,69,0,0,
Michal Kempny,26,D,CHI,50,2,6,8,1,22,2,0,0,0,6,0,0,67,3,748,14:58,59,76,0,0,
Dylan DeMelo,23,D,SJS,25,1,7,8,2,14,1,0,0,0,7,0,0,32,3.1,397,15:54,32,36,0,0,
Alexey Marchenko,25,D,TOT,41,1,7,8,7,12,1,0,0,0,6,0,1,36,2.8,695,16:57,59,22,0,0,
Jesse Puljujarvi,18,RW,EDM,28,1,7,8,5,10,0,1,0,0,7,0,0,41,2.4,315,11:15,10,11,0,1,0
Luke Schenn,27,D,ARI,78,1,7,8,-9,85,1,0,0,0,7,0,0,94,1.1,1408,18:03,134,286,0,0,
Yannick Weber,28,D,NSH,73,1,7,8,1,25,1,0,0,1,7,0,0,72,1.4,870,11:55,53,72,0,0,
Justin Falk,28,D,BUF,52,0,8,8,-3,29,0,0,0,0,8,0,0,33,0,712,13:42,40,101,1,0,100
Paul Ladue,24,D,LAK,22,0,8,8,-5,4,0,0,0,0,4,4,0,27,0,339,15:24,13,17,0,0,
Chris Wagner,25,C,ANA,43,6,1,7,2,6,6,0,0,0,1,0,0,40,15,402,9:21,24,112,62,86,41.9
Drew Miller,32,LW,DET,55,5,2,7,-12,18,5,0,0,1,2,0,0,43,11.6,565,10:17,52,71,2,1,66.7
Jamie Oleksiak,24,D,DAL,41,5,2,7,-4,37,5,0,0,1,1,0,1,33,15.2,665,16:13,53,51,0,0,
Ales Hemsky,33,RW,DAL,15,4,3,7,-1,0,3,1,0,0,2,1,0,30,13.3,216,14:25,4,1,0,0,
Matt Hendricks,35,LW,EDM,42,4,3,7,-3,29,4,0,0,1,3,0,0,42,9.5,451,10:45,39,79,132,100,56.9
Nick Lappin,24,RW,NJD,43,4,3,7,-17,17,4,0,0,0,3,0,0,57,7,504,11:43,10,35,2,5,28.6
Tyler Motte,21,LW,CHI,33,4,3,7,2,14,4,0,0,0,3,0,0,46,8.7,376,11:23,24,27,4,6,40
Lance Bouma,26,C,CGY,61,3,4,7,-2,35,3,0,0,1,4,0,0,53,5.7,692,11:21,44,127,4,8,33.3
Joel Eriksson Ek,20,LW,MIN,15,3,4,7,1,4,3,0,0,1,4,0,0,15,20,159,10:37,8,23,45,64,41.3
Andreas Martinsen,26,LW,TOT,64,3,4,7,-14,32,3,0,0,0,3,0,1,73,4.1,637,9:57,28,173,3,1,75
Greg McKegg,24,C,TOT,46,3,4,7,-3,22,3,0,0,0,4,0,0,36,8.3,456,9:54,16,48,90,90,50
John Mitchell,32,C,COL,65,3,4,7,-12,45,3,0,0,1,4,0,0,57,5.3,816,12:33,45,88,298,240,55.4
Steve Ott,34,C,TOT,53,3,4,7,-8,80,3,0,0,0,4,0,0,45,6.7,570,10:46,23,144,153,125,55
Carter Rowney,27,RW,PIT,27,3,4,7,2,4,3,0,0,1,4,0,0,24,12.5,296,10:58,15,64,95,103,48
Korbinian Holzer,28,D,ANA,32,2,5,7,0,23,2,0,0,0,5,0,0,14,14.3,432,13:31,34,71,0,0,
Markus Nutivaara,22,D,CBJ,66,2,5,7,7,6,2,0,0,0,5,0,0,66,3,872,13:13,38,36,0,0,
Nate Prosser,30,D,MIN,39,2,5,7,0,12,2,0,0,0,4,1,0,20,10,496,12:44,63,30,0,0,
Steven Santini,21,D,NJD,38,2,5,7,-6,14,2,0,0,0,5,0,0,46,4.3,611,16:05,35,83,0,0,
Phillip Di Giuseppe,23,LW,CAR,36,1,6,7,-12,15,1,0,0,1,5,1,0,68,1.5,443,12:18,10,91,0,2,0
Remi Elie,21,LW,DAL,18,1,6,7,5,8,1,0,0,0,6,0,0,15,6.7,281,15:38,11,30,1,0,100
Kevin Gravel,24,D,LAK,49,1,6,7,3,6,0,1,0,0,5,1,0,52,1.9,693,14:09,65,73,0,0,
Ben Lovejoy,32,D,NJD,82,1,6,7,-7,39,1,0,0,1,6,0,0,84,1.2,1703,20:46,149,82,0,0,
Olli Maatta,22,D,PIT,55,1,6,7,17,12,1,0,0,0,6,0,0,66,1.5,994,18:04,102,72,0,0,
Martin Marincin,24,D,TOR,25,1,6,7,3,16,1,0,0,0,5,0,1,22,4.5,451,18:03,27,25,0,0,
Jared McCann,20,C,FLA,29,1,6,7,-1,4,1,0,0,0,5,1,0,44,2.3,337,11:38,6,28,41,64,39
Ryan Sproul,24,D,DET,27,1,6,7,-8,6,0,1,0,0,4,2,0,46,2.2,409,15:09,14,12,0,0,
Anthony Bitetto,26,D,NSH,29,0,7,7,-1,25,0,0,0,0,7,0,0,17,0,342,11:48,24,43,0,0,
Taylor Fedun,28,D,BUF,27,0,7,7,3,16,0,0,0,0,4,3,0,24,0,361,13:22,20,7,0,0,
Cody McLeod,32,LW,TOT,59,5,1,6,-3,145,5,0,0,0,1,0,0,30,16.7,423,7:10,14,150,0,1,0
Roman Lyubimov,25,LW,PHI,47,4,2,6,-2,8,4,0,0,1,2,0,0,41,9.8,450,9:35,16,28,1,6,14.3
Evan Rodrigues,23,LW,BUF,30,4,2,6,-7,4,3,1,0,0,2,0,0,51,7.8,388,12:56,12,12,104,146,41.6
J.T. Brown,26,RW,TBL,64,3,3,6,-7,73,2,0,1,1,3,0,0,67,4.5,664,10:22,25,103,12,26,31.6
Timo Meier,20,RW,SJS,34,3,3,6,1,10,3,0,0,1,3,0,0,85,3.5,424,12:28,5,64,1,4,20
Gemel Smith,22,C,DAL,17,3,3,6,-1,21,2,0,1,0,3,0,0,19,15.8,231,13:35,6,6,25,34,42.4
Jakub Vrana,20,LW,WSH,21,3,3,6,2,2,0,3,0,2,2,1,0,32,9.4,233,11:07,7,6,0,3,0
Klas Dahlbeck,25,D,CAR,43,2,4,6,-12,30,2,0,0,0,4,0,0,37,5.4,597,13:53,38,77,0,0,
Eric Gryba,28,D,EDM,40,2,4,6,-5,65,2,0,0,2,4,0,0,45,4.4,646,16:08,47,145,0,0,
Adrian Kempe,20,LW,LAK,25,2,4,6,-3,6,2,0,0,1,1,2,1,32,6.3,306,12:14,7,23,67,86,43.8
Brandon Montour,22,D,ANA,27,2,4,6,11,14,2,0,0,0,3,1,0,50,4,469,17:23,24,21,0,0,
Stephen Gionta,33,RW,NYI,26,1,5,6,9,2,1,0,0,0,5,0,0,17,5.9,291,11:12,7,56,56,64,46.7
Josh Gorges,32,D,BUF,66,1,5,6,-3,50,1,0,0,0,5,0,0,40,2.5,1218,18:27,108,143,0,1,0
Erik Gudbranson,25,D,VAN,30,1,5,6,-14,18,1,0,0,1,5,0,0,40,2.5,610,20:20,44,66,0,0,
Brad Hunt,28,D,TOT,12,1,5,6,-1,2,0,1,0,0,4,1,0,14,7.1,174,14:30,3,0,0,0,
Jyrki Jokipakka,25,D,TOT,41,1,5,6,-4,12,1,0,0,0,5,0,0,29,3.4,592,14:26,32,31,0,0,
Philip Larsen,27,D,VAN,26,1,5,6,-8,4,1,0,0,0,3,2,0,32,3.1,428,16:28,22,12,0,0,
Jonathon Merrill,24,D,NJD,51,1,5,6,-9,24,1,0,0,0,5,0,0,48,2.1,947,18:34,67,39,0,0,
Carl Gunnarsson,30,D,STL,56,0,6,6,-5,4,0,0,0,0,6,0,0,32,0,761,13:36,68,42,0,0,
Dalton Prout,26,D,TOT,29,0,6,6,-1,44,0,0,0,0,6,0,0,13,0,405,13:58,24,44,0,0,
Matt Tennyson,26,D,CAR,45,0,6,6,-13,6,0,0,0,0,6,0,0,36,0,598,13:17,48,65,0,0,
Brock Boeser,19,RW,VAN,9,4,1,5,0,0,2,2,0,1,1,0,0,25,16,146,16:13,0,5,0,0,
J.T. Compher,21,LW,COL,21,3,2,5,0,4,2,1,0,1,2,0,0,30,10,314,14:56,21,11,78,86,47.6
Noel Acciari,25,C,BOS,29,2,3,5,3,16,2,0,0,0,3,0,0,24,8.3,301,10:22,5,80,11,18,37.9
Kyle Connor,20,LW,WPG,20,2,3,5,-7,4,2,0,0,1,1,2,0,24,8.3,244,12:13,8,1,1,1,50
Gustav Forsling,20,D,CHI,38,2,3,5,3,4,2,0,0,0,2,1,0,48,4.2,563,14:49,17,16,0,0,
Jimmy Hayes,27,RW,BOS,58,2,3,5,-3,29,2,0,0,1,3,0,0,74,2.7,535,9:14,10,74,14,41,25.5
Dmitry Kulikov,26,D,BUF,47,2,3,5,-26,26,1,1,0,0,1,2,0,42,4.8,1029,21:54,72,60,0,0,
Tyler Myers,26,D,WPG,11,2,3,5,5,13,2,0,0,0,2,0,1,16,12.5,244,22:12,21,12,0,0,
Taylor Chorney,29,D,WSH,18,1,4,5,8,11,1,0,0,1,4,0,0,19,5.3,257,14:16,29,27,0,0,
Tom Gilbert,34,D,LAK,18,1,4,5,-4,6,1,0,0,0,3,1,0,12,8.3,278,15:27,28,10,0,0,
Garnet Hathaway,25,RW,CGY,26,1,4,5,0,44,1,0,0,0,4,0,0,22,4.5,238,9:08,14,56,10,9,52.6
Julius Honka,21,D,DAL,16,1,4,5,-4,4,1,0,0,1,3,1,0,34,2.9,270,16:52,15,9,0,0,
Michael McCarron,21,RW,MTL,31,1,4,5,-4,41,1,0,0,0,4,0,0,31,3.2,307,9:53,11,75,76,99,43.4
Andrej Nestrasil,25,C,CAR,19,1,4,5,-3,2,1,0,0,0,4,0,0,27,3.7,207,10:54,6,10,3,7,30
Brendan Gaunce,22,LW,VAN,57,0,5,5,-2,33,0,0,0,0,5,0,0,51,0,541,9:29,12,94,84,80,51.2
Cody Goloubef,27,D,COL,33,0,5,5,-11,25,0,0,0,0,5,0,0,35,0,561,16:59,33,30,0,0,
Seth Griffith,24,C,TOT,24,0,5,5,6,8,0,0,0,0,4,1,0,21,0,306,12:44,5,30,2,6,25
John-Michael Liles,36,D,BOS,36,0,5,5,1,4,0,0,0,0,2,3,0,36,0,583,16:12,41,25,2,0,100
Zach Redmond,28,D,MTL,16,0,5,5,6,2,0,0,0,0,5,0,0,12,0,197,12:19,13,25,0,0,
Nicholas Baptiste,21,RW,BUF,14,3,1,4,1,6,3,0,0,0,1,0,0,16,18.8,129,9:14,1,12,1,2,33.3
Chris Thorburn,33,RW,WPG,64,3,1,4,-7,95,2,0,1,0,1,0,0,36,8.3,446,6:59,25,90,13,13,50
Yohann Auvitu,27,D,NJD,25,2,2,4,1,2,2,0,0,0,1,1,0,54,3.7,390,15:36,9,20,0,0,
Justin Bailey,21,RW,BUF,32,2,2,4,0,4,2,0,0,1,2,0,0,36,5.6,340,10:38,14,27,0,1,0
Ryan Callahan,31,RW,TBL,18,2,2,4,-4,23,2,0,0,1,2,0,0,22,9.1,255,14:09,13,48,5,4,55.6
Ryan Carpenter,26,C,SJS,11,2,2,4,5,4,2,0,0,0,2,0,0,20,10,114,10:23,2,15,34,41,45.3
Gabriel Dumont,26,C,TBL,39,2,2,4,1,29,2,0,0,0,2,0,0,34,5.9,377,9:40,19,83,133,109,55
Vernon Fiddler,36,LW,TOT,59,2,2,4,-14,66,1,0,1,0,2,0,0,48,4.2,687,11:39,33,57,370,316,53.9
Sergey Kalinin,25,C,NJD,43,2,2,4,-13,15,2,0,0,0,2,0,0,38,5.3,550,12:48,20,53,72,102,41.4
Brayden McNabb,26,D,LAK,49,2,2,4,1,54,2,0,0,0,2,0,0,47,4.3,738,15:04,54,110,0,0,
Iiro Pakarinen,25,RW,EDM,14,2,2,4,2,2,2,0,0,1,2,0,0,15,13.3,125,8:55,6,30,0,1,0
Ben Smith,28,RW,TOT,40,2,2,4,-7,4,2,0,0,0,2,0,0,30,6.7,459,11:28,41,29,241,227,51.5
Mark Stuart,32,D,WPG,42,2,2,4,4,27,2,0,0,1,2,0,0,24,8.3,523,12:27,79,68,0,0,
Brandon Tanev,25,LW,WPG,51,2,2,4,-6,26,2,0,0,1,2,0,0,54,3.7,545,10:41,31,128,1,0,100
Chris Terry,27,LW,MTL,14,2,2,4,-1,4,2,0,0,0,2,0,0,15,13.3,138,9:53,1,10,1,1,50
Shawn Thornton,39,LW,FLA,50,2,2,4,-7,67,2,0,0,0,2,0,0,42,4.8,384,7:41,8,52,5,10,33.3
Harry Zolnierczyk,29,LW,NSH,24,2,2,4,-2,10,2,0,0,0,2,0,0,19,10.5,213,8:52,11,25,8,11,42.1
Robert Bortuzzo,27,D,STL,38,1,3,4,11,15,1,0,0,0,3,0,0,45,2.2,535,14:05,50,77,0,0,
Cory Conacher,27,LW,TBL,11,1,3,4,0,4,0,1,0,0,3,0,0,16,6.3,127,11:34,0,1,1,1,50
Derek Dorsett,30,RW,VAN,14,1,3,4,-6,33,1,0,0,0,3,0,0,24,4.2,139,9:56,6,35,1,0,100
Cameron Gaunce,26,D,PIT,12,1,3,4,1,13,1,0,0,0,3,0,0,8,12.5,150,12:31,10,23,0,0,
John Hayden,21,LW,CHI,12,1,3,4,3,4,1,0,0,0,3,0,0,22,4.5,140,11:41,2,44,0,0,
Anton Lander,25,C,EDM,22,1,3,4,2,6,1,0,0,0,3,0,0,12,8.3,215,9:46,7,28,79,62,56
Curtis Lazar,21,RW,TOT,37,1,3,4,-8,4,1,0,0,0,3,0,0,26,3.8,338,9:08,17,66,39,60,39.4
Chris Neil,37,RW,OTT,53,1,3,4,-11,63,1,0,0,0,3,0,0,42,2.4,401,7:34,20,108,0,0,
John Quenneville,20,C,NJD,12,1,3,4,1,2,0,1,0,0,2,1,0,21,4.8,164,13:42,7,15,0,0,
Marcus Sorensen,24,RW,SJS,19,1,3,4,-1,4,1,0,0,1,3,0,0,27,3.7,205,10:49,6,15,3,1,75
Derek Grant,26,C,TOT,46,0,4,4,-5,24,0,0,0,0,4,0,0,40,0,449,9:46,29,27,200,183,52.2
Jakub Kindl,29,D,FLA,39,0,4,4,-11,28,0,0,0,0,4,0,0,41,0,573,14:41,37,49,0,0,
Slater Koekkoek,22,D,TBL,29,0,4,4,-4,8,0,0,0,0,4,0,0,27,0,377,12:59,27,25,0,0,
Nick Schultz,34,D,PHI,28,0,4,4,1,10,0,0,0,0,4,0,0,25,0,427,15:15,61,45,0,0,
Luke Witkowski,26,D,TBL,34,0,4,4,-1,39,0,0,0,0,4,0,0,24,0,336,9:52,21,81,0,0,
Josh Archibald,24,RW,PIT,10,3,0,3,3,4,2,0,1,0,0,0,0,11,27.3,109,10:52,2,28,0,1,0
Adam Erne,21,LW,TBL,26,3,0,3,-9,11,3,0,0,0,0,0,0,40,7.5,307,11:48,13,71,0,2,0
Christian Fischer,19,RW,ARI,7,3,0,3,0,0,3,0,0,1,0,0,0,10,30,86,12:20,0,9,0,0,
Nikolay Goldobin,21,RW/LW,TOT,14,3,0,3,0,0,3,0,0,1,0,0,0,14,21.4,159,11:22,4,1,0,0,
Michael Bournival,24,LW,TBL,19,2,1,3,-3,2,2,0,0,0,1,0,0,25,8,193,10:09,8,31,1,2,33.3
Laurent Dauphin,21,C,ARI,24,2,1,3,-2,12,1,0,1,1,1,0,0,32,6.3,262,10:55,11,32,37,45,45.1
Ryan Garbutt,31,LW,ANA,27,2,1,3,-3,20,2,0,0,1,0,0,1,26,7.7,247,9:10,12,53,7,4,63.6
Frederik Gauthier,21,C,TOR,21,2,1,3,2,23,2,0,0,0,1,0,0,15,13.3,204,9:42,17,17,120,115,51.1
Shane Harper,27,RW,FLA,14,2,1,3,-1,18,2,0,0,0,1,0,0,13,15.4,144,10:18,0,19,0,0,
Kyle Rau,24,C,FLA,24,2,1,3,-3,4,2,0,0,0,1,0,0,21,9.5,230,9:36,3,24,2,1,66.7
Jordin Tootoo,33,RW,CHI,50,2,1,3,-6,28,2,0,0,0,1,0,0,43,4.7,337,6:45,8,52,1,0,100
Kenny Agostino,24,LW,STL,7,1,2,3,0,2,1,0,0,0,1,1,0,17,5.9,89,12:47,3,9,0,0,
Mark Borowiecki,27,D,OTT,70,1,2,3,-3,154,1,0,0,0,2,0,0,50,2,981,14:01,90,364,1,0,100
Zac Dalpe,27,C,MIN,9,1,2,3,0,9,1,0,0,0,2,0,0,8,12.5,77,8:33,5,5,27,32,45.8
Scott Harrington,23,D,CBJ,22,1,2,3,3,10,1,0,0,0,2,0,0,16,6.3,286,13:00,24,21,0,0,
Michal Rozsival,38,D,CHI,22,1,2,3,-3,14,1,0,0,1,2,0,0,16,6.3,341,15:30,25,47,0,0,
Clayton Stoner,31,D,ANA,14,1,2,3,0,28,1,0,0,0,2,0,0,16,6.3,246,17:33,17,35,0,0,
Alex Biega,28,D,VAN,36,0,3,3,-4,18,0,0,0,0,3,0,0,37,0,474,13:10,24,97,0,0,
Jared Boll,30,RW,ANA,51,0,3,3,-3,87,0,0,0,0,3,0,0,13,0,297,5:49,14,68,0,1,0
Brandon Davidson,25,D,TOT,38,0,3,3,-2,20,0,0,0,0,3,0,0,42,0,597,15:43,61,42,0,0,
Brett Kulak,23,D,CGY,21,0,3,3,-3,12,0,0,0,0,3,0,0,19,0,299,14:15,13,14,0,0,
Patrik Nemeth,24,D,DAL,40,0,3,3,-4,14,0,0,0,0,3,0,0,46,0,631,15:47,47,45,0,0,
Gustav Olofsson,22,D,MIN,13,0,3,3,-1,2,0,0,0,0,2,1,0,7,0,175,13:29,16,10,0,0,
Karl Stollery,29,D,NJD,11,0,3,3,-5,13,0,0,0,0,0,3,0,11,0,186,16:55,16,26,0,0,
Paul Thompson,28,RW,FLA,21,0,3,3,-4,22,0,0,0,0,3,0,0,19,0,166,7:54,16,48,0,1,0
Joel Vermin,24,RW,TBL,18,0,3,3,2,4,0,0,0,0,3,0,0,12,0,197,10:56,7,17,2,1,66.7
Jason Dickinson,21,C,DAL,10,2,0,2,-3,0,2,0,0,0,0,0,0,9,22.2,118,11:47,4,8,4,9,30.8
Freddie Hamilton,25,C,CGY,26,2,0,2,-3,8,2,0,0,1,0,0,0,30,6.7,254,9:47,1,46,75,51,59.5
Teemu Pulkkinen,25,LW,TOT,13,2,0,2,-2,6,2,0,0,0,0,0,0,10,20,124,9:30,3,4,0,1,0
Pontus Aberg,23,LW,NSH,15,1,1,2,-2,4,1,0,0,0,1,0,0,12,8.3,185,12:20,2,9,1,0,100
Matt Bartkowski,28,D,CGY,24,1,1,2,-4,26,1,0,0,0,1,0,0,16,6.3,369,15:23,12,46,0,0,
Anton Blidh,21,LW,BOS,19,1,1,2,-2,7,1,0,0,0,1,0,0,26,3.8,167,8:47,4,41,0,0,
Blake Coleman,25,C,NJD,23,1,1,2,-7,27,1,0,0,0,1,0,0,29,3.4,295,12:51,15,51,96,130,42.5
Tanner Glass,33,LW,NYR,11,1,1,2,0,17,1,0,0,0,1,0,0,8,12.5,120,10:55,4,37,2,0,100
Matt Greene,33,D,LAK,26,1,1,2,3,19,1,0,0,0,1,0,0,14,7.1,343,13:11,27,71,0,0,
Markus Hannikainen,23,LW,CBJ,10,1,1,2,0,6,1,0,0,0,1,0,0,8,12.5,91,9:08,5,16,0,0,
Steven Kampfer,28,D,TOT,11,1,1,2,-2,6,1,0,0,0,1,0,0,10,10,146,13:15,10,24,0,0,
Taylor Leier,22,LW,PHI,10,1,1,2,-1,4,1,0,0,0,1,0,0,7,14.3,91,9:04,0,7,0,1,0
Milan Michalek,32,LW,TOR,5,1,1,2,-2,2,1,0,0,0,1,0,0,6,16.7,71,14:16,9,7,0,1,0
Mirco Mueller,21,D,SJS,4,1,1,2,2,0,1,0,0,0,1,0,0,3,33.3,38,9:36,3,2,0,0,
Matthew Peca,23,C,TBL,10,1,1,2,-3,2,1,0,0,0,1,0,0,9,11.1,114,11:27,2,9,32,40,44.4
Nate Thompson,32,C,ANA,30,1,1,2,4,14,1,0,0,0,1,0,0,19,5.3,312,10:23,9,69,130,115,53.1
Andy Andreoff,25,LW,LAK,36,0,2,2,-2,70,0,0,0,0,2,0,0,38,0,381,10:36,7,70,41,28,59.4
Jonny Brodzinski,23,C,LAK,6,0,2,2,2,2,0,0,0,0,2,0,0,17,0,74,12:17,4,10,0,0,
Peter Cehlarik,21,LW,BOS,11,0,2,2,0,0,0,0,0,0,1,1,0,8,0,153,13:55,4,7,2,1,66.7
Nicolas Deslauriers,25,LW,BUF,42,0,2,2,-6,38,0,0,0,0,2,0,0,26,0,311,7:25,5,109,0,3,0
Justin Dowling,26,C,DAL,9,0,2,2,0,2,0,0,0,0,1,1,0,11,0,94,10:28,0,1,38,31,55.1
Mark Fayne,29,D,EDM,4,0,2,2,1,0,0,0,0,0,2,0,0,4,0,32,7:55,2,1,0,0,
Marek Hrivik,25,LW,NYR,16,0,2,2,-3,2,0,0,0,0,1,1,0,15,0,167,10:25,5,19,32,48,40
Charles Hudon,22,LW,MTL,3,0,2,2,1,2,0,0,0,0,2,0,0,3,0,36,11:56,0,11,0,0,
Clayton Keller,18,LW,ARI,3,0,2,2,-3,0,0,0,0,0,1,1,0,0,,38,12:40,0,0,0,0,
Julian Melchiori,25,D,WPG,18,0,2,2,0,8,0,0,0,0,2,0,0,15,0,331,18:22,31,30,0,0,
Ryan Murphy,23,D,CAR,27,0,2,2,-11,8,0,0,0,0,2,0,0,17,0,356,13:10,31,2,0,0,
Teddy Purcell,31,LW,LAK,12,0,2,2,0,0,0,0,0,0,2,0,0,10,0,155,12:54,2,7,3,0,100
Ty Rattie,23,RW,TOT,9,0,2,2,-2,0,0,0,0,0,2,0,0,10,0,97,10:44,4,10,0,0,
Jordan Schmaltz,23,D,STL,9,0,2,2,0,4,0,0,0,0,1,1,0,5,0,129,14:20,10,4,0,0,
Tom Sestito,29,LW,PIT,13,0,2,2,0,48,0,0,0,0,2,0,0,3,0,72,5:32,2,19,0,0,
Drew Shore,26,C,VAN,14,0,2,2,-3,4,0,0,0,0,2,0,0,11,0,168,11:58,3,22,38,33,53.5
Brian Strait,29,D,WPG,5,0,2,2,-1,0,0,0,0,0,2,0,0,3,0,80,15:56,8,5,0,0,
Lucas Wallmark,21,C,CAR,8,0,2,2,1,2,0,0,0,0,2,0,0,11,0,87,10:52,3,14,31,27,53.4
Bryan Bickell,30,LW,CAR,11,1,0,1,-4,4,0,1,0,1,0,0,0,8,12.5,115,10:26,3,16,0,2,0
Boyd Gordon,33,C,PHI,13,1,0,1,-5,2,1,0,0,0,0,0,0,8,12.5,106,8:11,7,4,48,38,55.8
Seth Helgeson,26,D,NJD,9,1,0,1,2,15,1,0,0,0,0,0,0,3,33.3,121,13:28,11,16,0,0,
Samuel Henley,23,C,COL,1,1,0,1,1,2,1,0,0,0,0,0,0,1,100,5,5:18,0,2,0,1,0
Tyson Jost,18,C,COL,6,1,0,1,-5,0,1,0,0,0,0,0,0,9,11.1,94,15:41,3,3,28,42,40
Tomas Jurco,24,LW/RW,TOT,29,1,0,1,-12,4,1,0,0,0,0,0,0,35,2.9,308,10:38,9,21,0,1,0
Kasperi Kapanen,20,RW,TOR,8,1,0,1,-2,0,1,0,0,0,0,0,0,11,9.1,86,10:42,2,6,0,0,
Jujhar Khaira,22,LW,EDM,10,1,0,1,1,2,1,0,0,1,0,0,0,10,10,93,9:15,5,20,7,12,36.8
Colin McDonald,32,C,PHI,3,1,0,1,1,0,1,0,0,0,0,0,0,5,20,27,9:01,0,9,0,1,0
Dylan McIlrath,24,D,TOT,6,1,0,1,-2,14,1,0,0,0,0,0,0,3,33.3,57,9:31,4,15,0,0,
Wade Megan,26,C,STL,3,1,0,1,1,0,1,0,0,0,0,0,0,6,16.7,26,8:48,0,2,13,14,48.1
Tomas Nosek,24,LW,DET,11,1,0,1,-1,2,1,0,0,0,0,0,0,19,5.3,111,10:07,5,10,37,31,54.4
Daniel O'Regan,23,C,SJS,3,1,0,1,-2,0,0,1,0,0,0,0,0,5,20,35,11:33,1,1,14,17,45.2
Mike Reilly,23,D,MIN,17,1,0,1,1,2,1,0,0,0,0,0,0,19,5.3,210,12:23,8,2,0,0,
Nikita Scherbak,21,RW,MTL,3,1,0,1,1,0,0,1,0,0,0,0,0,3,33.3,34,11:23,1,0,0,0,
Vladimir Sobotka,29,LW,STL,1,1,0,1,0,0,1,0,0,0,0,0,0,2,50,17,16:41,0,0,6,6,50
Valentin Zykov,21,LW,CAR,2,1,0,1,1,0,1,0,0,0,0,0,0,3,33.3,13,6:15,0,0,0,0,
Christoph Bertschy,22,C,MIN,5,0,1,1,0,4,0,0,0,0,1,0,0,5,0,41,8:08,3,7,0,0,
Matt Carle,32,D,NSH,6,0,1,1,-1,0,0,0,0,0,1,0,0,2,0,79,13:09,5,3,0,0,
Gabriel Carlsson,20,D,CBJ,2,0,1,1,-2,0,0,0,0,0,1,0,0,3,0,34,17:08,2,5,0,0,
Kevin Connauton,26,D,ARI,24,0,1,1,-1,24,0,0,0,0,1,0,0,21,0,315,13:08,22,48,0,0,
Andrew Desjardins,30,LW,CHI,46,0,1,1,-6,22,0,0,0,0,1,0,0,46,0,432,9:24,17,73,39,30,56.5
Hudson Fasching,21,RW,BUF,10,0,1,1,-1,2,0,0,0,0,1,0,0,6,0,104,10:25,2,17,0,0,
Kurtis Gabriel,23,RW,MIN,13,0,1,1,0,29,0,0,0,0,1,0,0,3,0,76,5:49,1,26,0,0,
Tyler Gaudet,23,C,ARI,4,0,1,1,0,0,0,0,0,0,1,0,0,3,0,52,12:59,1,3,14,21,40
Frederick Gaudreau,23,C,NSH,9,0,1,1,1,0,0,0,0,0,1,0,0,8,0,78,8:40,5,1,4,8,33.3
Eric Gelinas,25,D,COL,27,0,1,1,-4,12,0,0,0,0,1,0,0,29,0,313,11:35,16,32,0,1,0
Barclay Goodrow,23,RW,SJS,3,0,1,1,0,0,0,0,0,0,1,0,0,3,0,34,11:18,1,3,0,0,
A.J. Greer,20,LW,COL,5,0,1,1,-2,4,0,0,0,0,1,0,0,8,0,68,13:39,3,4,0,0,
Rocco Grimaldi,23,C,COL,4,0,1,1,-3,2,0,0,0,0,1,0,0,11,0,44,11:00,4,1,0,0,
Sean Kuraly,24,C,BOS,8,0,1,1,-1,2,0,0,0,0,1,0,0,11,0,74,9:12,1,9,1,2,33.3
Matthew Lorito,26,LW,DET,2,0,1,1,0,0,0,0,0,0,1,0,0,6,0,29,14:26,0,0,0,0,
Ian McCoshen,21,D,FLA,3,0,1,1,0,0,0,0,0,0,1,0,0,0,,40,13:15,2,3,0,0,
Joseph Morrow,24,D,BOS,17,0,1,1,-4,8,0,0,0,0,1,0,0,19,0,264,15:32,19,29,0,0,
Alexander Nylander,18,RW,BUF,4,0,1,1,-2,0,0,0,0,0,1,0,0,4,0,49,12:20,2,1,0,2,0
Cal O'Reilly,30,C,BUF,11,0,1,1,-6,0,0,0,0,0,1,0,0,3,0,87,7:56,3,2,32,34,48.5
Steven Oleksy,30,D,PIT,11,0,1,1,2,24,0,0,0,0,1,0,0,11,0,151,13:42,19,20,0,0,
Blake Pietila,23,LW,NJD,10,0,1,1,-5,4,0,0,0,0,1,0,0,9,0,130,13:02,5,16,23,22,51.1
Anton Rodin,26,RW,VAN,3,0,1,1,1,0,0,0,0,0,1,0,0,2,0,27,8:55,1,0,0,0,
Cole Schneider,26,LW,BUF,4,0,1,1,2,0,0,0,0,0,1,0,0,6,0,29,7:09,2,3,0,0,
Hunter Shinkaruk,22,LW,CGY,7,0,1,1,-3,2,0,0,0,0,1,0,0,5,0,74,10:35,3,3,0,0,
Dominik Simon,22,C,PIT,2,0,1,1,-1,0,0,0,0,0,1,0,0,2,0,26,13:03,0,2,0,0,
C.J. Smith,22,LW,BUF,2,0,1,1,-1,0,0,0,0,0,1,0,0,2,0,23,11:32,0,0,0,0,
Nick Sorensen,22,RW,ANA,5,0,1,1,-1,2,0,0,0,0,1,0,0,7,0,54,10:53,3,2,1,0,100
Ben Street,29,C,DET,6,0,1,1,1,0,0,0,0,0,1,0,0,8,0,50,8:15,0,3,0,0,
Dylan Strome,19,C,ARI,7,0,1,1,-5,0,0,0,0,0,1,0,0,6,0,96,13:41,2,3,31,46,40.3
Sergey Tolchinsky,21,LW,CAR,2,0,1,1,0,0,0,0,0,0,1,0,0,2,0,23,11:29,0,0,0,0,
Jake Virtanen,20,RW,VAN,10,0,1,1,1,2,0,0,0,0,1,0,0,13,0,101,10:09,4,17,3,0,100
David Warsofsky,26,D,PIT,7,0,1,1,-3,6,0,0,0,0,1,0,0,14,0,110,15:44,12,3,0,0,
Spencer Abbott,28,LW,CHI,1,0,0,0,0,0,0,0,0,0,0,0,0,1,0,9,8:34,0,0,0,0,
Rasmus Andersson,20,D,CGY,1,0,0,0,-1,0,0,0,0,0,0,0,0,0,,19,18:33,2,4,0,0,
Brady Austin,23,D,BUF,5,0,0,0,0,4,0,0,0,0,0,0,0,8,0,80,16:05,0,6,0,0,
Casey Bailey,25,RW,OTT,7,0,0,0,-1,0,0,0,0,0,0,0,0,10,0,56,7:00,4,4,0,1,0
Riley Barber,22,RW,WSH,3,0,0,0,0,0,0,0,0,0,0,0,0,2,0,26,8:35,0,1,0,0,
Mathew Barzal,19,C,NYI,2,0,0,0,-2,6,0,0,0,0,0,0,0,0,,20,9:45,0,1,6,7,46.2
Cody Bass,30,C,NSH,9,0,0,0,-1,19,0,0,0,0,0,0,0,1,0,61,6:46,4,14,0,2,0
Taylor Beck,25,LW,TOT,5,0,0,0,-3,4,0,0,0,0,0,0,0,5,0,44,8:49,0,5,0,1,0
Tyler Bertuzzi,21,LW,DET,7,0,0,0,-1,0,0,0,0,0,0,0,0,3,0,64,9:06,0,12,1,1,50
Mike Blunden,30,RW,OTT,2,0,0,0,0,4,0,0,0,0,0,0,0,1,0,16,8:07,0,6,0,0,
Gabriel Bourque,26,LW,COL,6,0,0,0,0,0,0,0,0,0,0,0,0,4,0,67,11:12,6,17,0,1,0
Patrick Brown,24,C,CAR,14,0,0,0,-6,0,0,0,0,0,0,0,0,12,0,136,9:43,5,30,9,6,60
Erik Burgdoerfer,28,D,BUF,2,0,0,0,-1,0,0,0,0,0,0,0,0,2,0,22,11:10,0,5,0,0,
Chris Butler,30,D,STL,1,0,0,0,0,0,0,0,0,0,0,0,0,1,0,21,21:28,2,0,0,0,
Mitch Callahan,25,RW,DET,4,0,0,0,0,0,0,0,0,0,0,0,0,2,0,27,6:49,2,3,0,0,
Patrick Cannone,30,C,MIN,3,0,0,0,0,0,0,0,0,0,0,0,0,2,0,24,7:53,1,2,11,10,52.4
Paul Carey,28,C,WSH,6,0,0,0,-2,0,0,0,0,0,0,0,0,8,0,63,10:29,1,5,0,0,
Alexandre Carrier,20,D,NSH,2,0,0,0,1,0,0,0,0,0,0,0,0,1,0,21,10:24,1,0,0,0,
Thomas Chabot,20,D,OTT,1,0,0,0,-2,0,0,0,0,0,0,0,0,1,0,7,7:09,0,1,0,0,
Erik Condra,30,RW,TBL,13,0,0,0,-4,4,0,0,0,0,0,0,0,8,0,125,9:38,7,5,1,0,100
Frank Corrado,23,D,TOT,4,0,0,0,-1,8,0,0,0,0,0,0,0,3,0,43,10:46,2,4,0,0,
Jacob de La Rose,21,LW,MTL,9,0,0,0,-3,4,0,0,0,0,0,0,0,4,0,98,10:54,5,23,17,17,50
Jean-Sebastien Dea,22,C,PIT,1,0,0,0,0,2,0,0,0,0,0,0,0,1,0,11,11:18,0,3,1,1,50
Simon Despres,25,D,ANA,1,0,0,0,0,0,0,0,0,0,0,0,0,1,0,16,16:08,1,1,0,0,
Chris Didomenico,27,RW,OTT,3,0,0,0,0,6,0,0,0,0,0,0,0,5,0,33,11:01,2,2,2,1,66.7
Andreas Englund,21,D,OTT,5,0,0,0,-3,2,0,0,0,0,0,0,0,3,0,53,10:38,0,18,0,0,
Emerson Etem,24,LW,ANA,3,0,0,0,1,2,0,0,0,0,0,0,0,0,,26,8:48,0,4,0,1,0
Bobby Farnham,28,RW,MTL,3,0,0,0,0,17,0,0,0,0,0,0,0,4,0,25,8:16,2,8,1,0,100
Jakob Forsbacka Karlsson,20,C,BOS,1,0,0,0,0,0,0,0,0,0,0,0,0,0,,8,8:25,0,0,1,1,50
Martin Frk,23,RW,CAR,2,0,0,0,-3,0,0,0,0,0,0,0,0,1,0,17,8:20,1,3,0,0,
Byron Froese,25,C,TOT,6,0,0,0,-3,5,0,0,0,0,0,0,0,6,0,63,10:33,4,3,26,30,46.4
Luke Gazdic,27,LW,NJD,11,0,0,0,-2,12,0,0,0,0,0,0,0,3,0,78,7:08,6,16,0,0,
Petter Granberg,24,D,NSH,10,0,0,0,0,10,0,0,0,0,0,0,0,4,0,96,9:38,9,17,0,0,
Alexandre Grenier,25,RW,VAN,3,0,0,0,-1,0,0,0,0,0,0,0,0,1,0,19,6:29,0,3,2,0,100
Nicklas Grossmann,32,D,CGY,3,0,0,0,-4,2,0,0,0,0,0,0,0,3,0,39,13:01,1,7,0,0,
Matthew Grzelcyk,23,D,BOS,2,0,0,0,0,2,0,0,0,0,0,0,0,4,0,25,12:29,1,0,0,0,
Brendan Guhle,19,D,BUF,3,0,0,0,1,0,0,0,0,0,0,0,0,4,0,49,16:21,8,3,0,0,
Denis Gurianov,19,RW,DAL,1,0,0,0,-1,0,0,0,0,0,0,0,0,0,,13,13:06,3,1,0,0,
Robert Hagg,21,D,PHI,1,0,0,0,0,0,0,0,0,0,0,0,0,5,0,21,21:19,3,4,0,0,
Joel Hanley,25,D,MTL,7,0,0,0,-3,4,0,0,0,0,0,0,0,5,0,71,10:09,4,8,0,0,
Ben Harpur,22,D,OTT,6,0,0,0,-1,0,0,0,0,0,0,0,0,3,0,107,17:48,3,5,0,0,
Tim Heed,26,D,SJS,1,0,0,0,0,0,0,0,0,0,0,0,0,1,0,16,16:29,2,0,0,0,
Danton Heinen,21,C,BOS,8,0,0,0,-3,2,0,0,0,0,0,0,0,7,0,106,13:14,2,6,0,0,
Quinton Howden,25,C,WPG,5,0,0,0,1,0,0,0,0,0,0,0,0,5,0,43,8:39,0,4,0,2,0
Mark Jankowski,22,C,CGY,1,0,0,0,0,0,0,0,0,0,0,0,0,0,,10,10:18,0,1,5,3,62.5
Nicklas Jensen,23,RW,NYR,7,0,0,0,-2,0,0,0,0,0,0,0,0,8,0,65,9:13,2,7,0,0,
Ryan Johnston,24,D,MTL,7,0,0,0,-3,4,0,0,0,0,0,0,0,3,0,69,9:52,2,1,0,0,
Connor Jones,26,C,NYI,4,0,0,0,1,2,0,0,0,0,0,0,0,2,0,47,11:51,3,13,8,5,61.5
Vladislav Kamenev,20,LW,NSH,2,0,0,0,-1,2,0,0,0,0,0,0,0,1,0,20,10:04,1,1,6,7,46.2
Michael Kapla,22,D,NJD,5,0,0,0,-1,0,0,0,0,0,0,0,0,4,0,87,17:26,5,5,0,0,
Bracken Kearns,35,C,NYI,2,0,0,0,-1,2,0,0,0,0,0,0,0,3,0,22,11:12,2,5,10,7,58.8
Nicolas Kerdiles,23,LW,ANA,1,0,0,0,1,0,0,0,0,0,0,0,0,0,,11,11:08,2,0,1,0,100
Kalle Kossila,23,LW,ANA,1,0,0,0,0,0,0,0,0,0,0,0,0,1,0,7,6:54,0,1,3,4,42.9
Joseph Labate,23,C,VAN,13,0,0,0,-2,21,0,0,0,0,0,0,0,5,0,88,6:46,2,23,1,0,100
Jacob Larsson,19,D,ANA,4,0,0,0,-1,2,0,0,0,0,0,0,0,2,0,66,16:26,1,1,0,0,
Brian Lashoff,26,D,DET,5,0,0,0,-3,0,0,0,0,0,0,0,0,1,0,63,12:31,4,8,0,0,
Scott Laughton,22,C,PHI,2,0,0,0,0,0,0,0,0,0,0,0,0,4,0,20,10:15,0,3,11,9,55
Brett Lernout,21,D,MTL,2,0,0,0,-1,0,0,0,0,0,0,0,0,3,0,38,18:00,3,8,0,0,
Mike Liambas,27,LW,NSH,1,0,0,0,-1,0,0,0,0,0,0,0,0,0,,5,4:42,0,1,0,0,
Petteri Lindbohm,23,D,STL,7,0,0,0,-4,4,0,0,0,0,0,0,0,10,0,91,12:59,5,10,0,0,
Anton Lindholm,22,D,COL,12,0,0,0,-8,2,0,0,0,0,0,0,0,7,0,177,14:45,12,38,0,0,
Clarke MacArthur,31,LW,OTT,4,0,0,0,-1,0,0,0,0,0,0,0,0,5,0,54,13:29,1,4,0,1,0
Sean Malone,21,C,BUF,1,0,0,0,0,0,0,0,0,0,0,0,0,1,0,12,12:12,1,0,5,3,62.5
Jamie McBain,28,D,ARI,3,0,0,0,-1,0,0,0,0,0,0,0,0,3,0,50,16:40,4,0,0,0,
Max McCormick,24,RW,OTT,7,0,0,0,-3,0,0,0,0,0,0,0,0,7,0,47,6:46,1,13,15,9,62.5
Evan McEneny,22,D,VAN,1,0,0,0,-1,0,0,0,0,0,0,0,0,1,0,15,15:08,0,0,0,0,
Mark McNeill,23,RW,DAL,1,0,0,0,-1,0,0,0,0,0,0,0,0,1,0,14,13:49,1,0,0,2,0
Jaycob Megna,24,D,ANA,1,0,0,0,1,0,0,0,0,0,0,0,0,0,,15,15:20,0,0,0,0,
Zbynek Michalek,34,D,ARI,3,0,0,0,1,0,0,0,0,0,0,0,0,3,0,53,17:40,5,7,0,0,
Sonny Milano,20,LW,CBJ,4,0,0,0,-3,0,0,0,0,0,0,0,0,2,0,47,11:41,2,3,0,0,
Garrett Mitchell,25,RW,WSH,1,0,0,0,0,0,0,0,0,0,0,0,0,0,,9,8:48,0,2,0,1,0
Zack Mitchell,24,RW,MIN,11,0,0,0,-1,0,0,0,0,0,0,0,0,10,0,93,8:26,3,14,11,8,57.9
Griffen Molino,23,C,VAN,5,0,0,0,-2,0,0,0,0,0,0,0,0,3,0,53,10:35,1,1,0,0,
Samuel Morin,21,D,PHI,1,0,0,0,0,0,0,0,0,0,0,0,0,2,0,18,17:47,0,7,0,0,
Jakub Nakladal,29,D,CAR,3,0,0,0,-4,0,0,0,0,0,0,0,0,3,0,44,14:30,4,2,0,0,
Casey Nelson,24,D,BUF,11,0,0,0,-3,4,0,0,0,0,0,0,0,10,0,139,12:36,5,15,0,0,
Aaron Ness,26,D,WSH,2,0,0,0,-1,0,0,0,0,0,0,0,0,0,,26,12:50,2,2,0,0,
Cristoval Nieves,23,C,NYR,1,0,0,0,-1,0,0,0,0,0,0,0,0,0,,12,11:44,1,0,3,7,30
Nelson Nogier,20,D,WPG,10,0,0,0,-1,5,0,0,0,0,0,0,0,8,0,117,11:43,5,12,0,0,
Liam O'Brien,22,LW,WSH,1,0,0,0,0,0,0,0,0,0,0,0,0,0,,6,6:08,0,1,0,0,
Rob O'Gara,23,D,BOS,3,0,0,0,1,0,0,0,0,0,0,0,0,2,0,48,16:01,7,3,0,0,
Jordan Oesterle,24,D,EDM,2,0,0,0,-1,0,0,0,0,0,0,0,0,2,0,35,17:17,3,2,0,0,
Adam Pardy,32,D,NSH,4,0,0,0,-1,6,0,0,0,0,0,0,0,4,0,44,10:00,3,3,0,0,
Nick Paul,21,LW,OTT,1,0,0,0,-2,0,0,0,0,0,0,0,0,4,0,16,16:29,0,3,5,8,38.5
Kevin Porter,30,C,PIT,2,0,0,0,-1,0,0,0,0,0,0,0,0,0,,23,11:15,1,5,7,12,36.8
Andrew Poturalski,23,C,CAR,2,0,0,0,-3,0,0,0,0,0,0,0,0,1,0,25,12:16,1,1,12,12,50
Derrick Pouliot,23,D,PIT,11,0,0,0,-4,4,0,0,0,0,0,0,0,11,0,164,14:53,8,14,0,0,
Ryan Pulock,22,D,NYI,1,0,0,0,1,0,0,0,0,0,0,0,0,0,,4,3:57,1,1,0,0,
Mason Raymond,31,LW,ANA,4,0,0,0,-2,0,0,0,0,0,0,0,0,3,0,36,8:55,0,3,0,1,0
Borna Rendulic,24,RW,VAN,1,0,0,0,0,0,0,0,0,0,0,0,0,1,0,5,4:51,0,0,0,0,
Dan Renouf,22,D,DET,1,0,0,0,0,0,0,0,0,0,0,0,0,1,0,14,13:35,0,3,0,0,
Tanner Richard,23,C,TBL,3,0,0,0,-2,2,0,0,0,0,0,0,0,1,0,38,12:42,2,6,13,17,43.3
Buddy Robinson,25,RW,OTT,4,0,0,0,0,2,0,0,0,0,0,0,0,4,0,28,6:57,0,9,0,0,
Kevin Rooney,23,C,NJD,4,0,0,0,-3,4,0,0,0,0,0,0,0,2,0,41,10:11,1,4,10,17,37
Jack Roslovic,20,C,WPG,1,0,0,0,-1,0,0,0,0,0,0,0,0,1,0,8,8:24,1,0,1,5,16.7
Robbie Russo,23,D,DET,19,0,0,0,2,2,0,0,0,0,0,0,0,18,0,305,16:04,13,24,0,0,
Miikka Salomaki,23,RW,NSH,5,0,0,0,-1,2,0,0,0,0,0,0,0,3,0,61,12:13,9,14,0,0,
Mikhail Sergachev,18,D,MTL,4,0,0,0,1,0,0,0,0,0,0,0,0,2,0,49,12:08,3,10,0,0,
Duncan Siemens,23,D,COL,3,0,0,0,-2,2,0,0,0,0,0,0,0,2,0,37,12:19,1,10,0,0,
Dillon Simpson,,D,EDM,3,0,0,0,0,2,0,0,0,0,0,0,0,2,0,33,10:53,2,3,0,0,
Trevor Smith,31,C,NSH,1,0,0,0,0,0,0,0,0,0,0,0,0,0,,7,7:20,2,0,0,8,0
Blake Speers,20,C,NJD,3,0,0,0,0,0,0,0,0,0,0,0,0,3,0,28,9:29,1,1,0,2,0
Chandler Stephenson,22,C,WSH,4,0,0,0,0,0,0,0,0,0,0,0,0,3,0,36,8:53,0,0,12,13,48
Oskar Sundqvist,22,C,PIT,10,0,0,0,-4,2,0,0,0,0,0,0,0,9,0,92,9:10,2,13,16,28,36.4
Evgeny Svechnikov,20,RW,DET,2,0,0,0,0,0,0,0,0,0,0,0,0,4,0,26,13:09,1,2,0,0,
Ben Thomson,24,LW,NJD,3,0,0,0,-4,4,0,0,0,0,0,0,0,7,0,33,10:53,1,7,0,1,0
Corey Tropp,27,RW,ANA,1,0,0,0,-1,0,0,0,0,0,0,0,0,0,,9,9:28,0,2,0,0,
Alex Tuch,20,RW,MIN,6,0,0,0,-3,0,0,0,0,0,0,0,0,8,0,64,10:42,7,5,0,0,
T.J. Tynan,24,RW,CBJ,3,0,0,0,-1,0,0,0,0,0,0,0,0,3,0,22,7:29,1,1,0,0,
Phil Varone,26,C,OTT,7,0,0,0,-3,2,0,0,0,0,0,0,0,1,0,56,7:59,1,3,15,12,55.6
Mike Vecchione,23,RW,PHI,2,0,0,0,-1,0,0,0,0,0,0,0,0,1,0,17,8:30,1,1,8,4,66.7
Linden Vey,25,RW,CGY,4,0,0,0,-2,0,0,0,0,0,0,0,0,1,0,44,11:01,0,1,9,15,37.5
MacKenzie Weegar,23,D,FLA,3,0,0,0,0,4,0,0,0,0,0,0,0,3,0,52,17:27,1,4,0,0,
Colin White,20,C,OTT,2,0,0,0,0,0,0,0,0,0,0,0,0,1,0,27,13:43,1,0,7,14,33.3
Tyler Wotherspoon,23,D,CGY,4,0,0,0,-2,0,0,0,0,0,0,0,0,4,0,44,10:54,2,3,0,0,
Michael Zalewski,24,LW,VAN,1,0,0,0,-1,0,0,0,0,0,0,0,0,0,,8,8:03,1,0,0,0,
